date,recession_unemployment_claims,recession_unemployment_claims_velocity_yoy,recession_ism_pmi,recession_yield_curve_10y2y,recession_yield_curve_10y3m,recession_consumer_sentiment,credit_hy_spread,credit_hy_spread_velocity_20d,credit_ig_spread_bbb,credit_ted_spread,credit_bank_lending_standards,valuation_sp500_price,valuation_sp500_forward_pe,valuation_shiller_cape,valuation_shiller_trailing_earnings,valuation_sp500_market_cap,valuation_gdp,valuation_new_home_sales,valuation_mortgage_rate_30y,valuation_median_home_price,liquidity_fed_funds_rate,liquidity_fed_funds_velocity_6m,liquidity_cpi_inflation,liquidity_cpi_inflation_yoy,liquidity_m2_money_supply,liquidity_m2_velocity_yoy,liquidity_vix,liquidity_margin_debt,liquidity_dollar_index,liquidity_fed_swap_lines,positioning_sp500_net_speculative,positioning_treasury_net_speculative,positioning_vix_net_speculative,positioning_vix_proxy,metadata_fetch_timestamp,metadata_as_of_date,metadata_fetch_duration_seconds
2000-01-01,286000.0,-14.880952380952381,17284.0,0.21,1.12,112.0,4.76,-0.0057142857142857195,1.53,0.93,10.9,,,43.77257814693799,,147.379,10002.179,873.0,8.06,165300.0,3.99,-17.219917012448132,169.3,2.792956891317561,4667.6,6.00953895071543,,,,0.0,,,,24.64,2025-11-10T17:55:22.538004,2000-01-01,21.410733
2000-02-01,285000.0,-8.360128617363344,17284.0,0.02,0.91,111.3,4.87,0.007500000000000018,1.54,0.55,10.9,,,42.18563588791731,,147.379,10002.179,856.0,8.25,165300.0,5.79,15.8,170.0,3.217972070431094,4680.9,5.763929685028683,,,,0.0,,,,23.45,2025-11-10T17:55:42.543663,2000-02-01,16.979199
2000-03-01,280000.0,-7.28476821192053,17302.0,-0.13,0.63,107.1,5.11,0.017000000000000036,1.67,0.51,10.9,,,43.22074843996587,,147.379,10002.179,900.0,8.31,165300.0,5.78,13.55599214145384,171.0,3.76213592233009,4711.7,6.296530253124565,,,,0.0,,,,21.64,2025-11-10T17:56:02.515708,2000-03-01,16.933625
2000-04-01,266000.0,-10.738255033557047,17299.0,-0.47,0.15,109.2,5.75,0.02809523809523809,1.92,0.57,24.6,,,43.52857428850774,,147.379,10247.72,841.0,8.23,163200.0,6.17,17.97323135755257,170.9,3.013863773357444,4767.8,6.867799345496942,,,,0.0,,,,24.11,2025-11-10T17:56:22.535990,2000-04-01,16.993263
2000-05-01,291000.0,0.0,17278.0,-0.44,0.29,110.7,5.83,-0.0029999999999999805,2.13,0.84,24.6,,,41.96605050332432,,147.379,10247.72,857.0,8.13,163200.0,6.17,18.426103646833013,171.2,3.132530120481921,4755.7,6.009674327366742,,,,0.0,,,,25.88,2025-11-10T17:56:42.516108,2000-05-01,16.955705
2000-06-01,280000.0,-6.0402684563758395,17295.0,-0.41,0.46,106.4,6.22,0.021999999999999974,2.28,1.3,24.6,,,42.78197156707144,,147.379,10247.72,793.0,8.62,163200.0,6.65,22.693726937269382,172.2,3.7349397590361377,4773.6,5.891748003549254,,,,0.0,,,,22.36,2025-11-10T17:57:02.492734,2000-06-01,16.952496
2000-07-01,281000.0,-3.436426116838488,17322.0,-0.35,0.15,108.3,6.17,0.0023809523809523725,2.18,1.06,33.9,,,42.75809361826958,,147.379,10318.165,887.0,8.22,168800.0,6.86,26.335174953959495,172.7,3.5992801439712063,4791.3,5.642280724963632,,,,0.0,,,,19.54,2025-11-10T17:57:22.481145,2000-07-01,16.963828
2000-08-01,298000.0,-2.6143790849673203,17287.0,-0.27,-0.25,107.3,6.31,0.008499999999999997,2.13,0.65,33.9,,,42.86956549441948,,147.379,10318.165,848.0,8.13,168800.0,6.51,14.01050788091068,172.7,3.3512866546977826,4819.5,5.8602587475564,,,,0.0,,,,20.55,2025-11-10T17:57:42.444630,2000-08-01,16.938908
2000-09-01,312000.0,9.090909090909092,17229.0,-0.41,-0.59,106.8,6.48,0.00714285714285716,2.17,0.58,33.9,,,41.89800792488472,,147.379,10318.165,912.0,7.96,168800.0,6.52,13.986013986013985,173.6,3.4564958283670935,4855.2,6.268604447557337,,,,0.0,,,,17.53,2025-11-10T17:58:02.440780,2000-09-01,16.972979
2000-10-01,292000.0,-4.57516339869281,17217.0,-0.18,-0.43,105.8,6.77,0.020454545454545423,2.14,0.76,43.9,,,39.36969904420136,,147.379,10435.744,933.0,7.88,172900.0,6.6,10.367892976588616,173.9,3.4503271861986984,4871.3,6.0661484529797365,,,,0.0,,,,20.57,2025-11-10T17:58:22.695650,2000-10-01,17.231766
2000-11-01,301000.0,7.5,17202.0,-0.14,-0.63,107.6,7.75,0.027000000000000003,2.51,0.58,43.9,,,38.78214245678476,,147.379,10435.744,880.0,7.68,172900.0,6.61,11.279461279461279,174.2,3.444180522565311,4882.7,5.874062188299571,,,,0.0,,,,24.28,2025-11-10T17:58:42.756451,2000-11-01,17.036658
2000-12-01,356000.0,28.985507246376812,17181.0,-0.1,-0.71,98.4,8.98,0.05380952380952385,2.62,0.64,43.9,,,37.27423800449718,,147.379,10435.744,983.0,7.65,172900.0,6.6,2.4844720496894293,174.6,3.4360189573459614,4927.6,6.214299571055982,,,,0.0,,,,27.48,2025-11-10T17:59:02.750312,2000-12-01,16.970375
2001-01-01,353000.0,31.716417910447763,17105.0,0.01,-0.77,94.7,9.16,nan,2.66,0.67,59.6,,,36.97886799702981,,132.14700000000002,10470.231,936.0,7.13,169800.0,5.41,-17.024539877300608,175.6,3.7212049616066047,4978.3,6.656525837689601,,,,0.0,,,,26.85,2025-11-10T17:59:22.757648,2001-01-01,16.982676
2001-02-01,362000.0,27.464788732394368,17030.0,0.55,0.1,90.6,7.83,-0.027500000000000035,2.34,0.52,59.6,,,35.834662651431266,,132.14700000000002,10470.231,963.0,7.15,169800.0,5.57,-13.509316770186336,176.0,3.5294117647058822,5017.0,7.180243115640163,,,,0.0,,,,21.66,2025-11-10T17:59:42.789232,2001-02-01,16.997751
2001-03-01,386000.0,36.39575971731448,16938.0,0.46,0.03,91.5,7.68,0.002499999999999991,2.39,0.37,59.6,,,32.32583723617873,,132.14700000000002,10470.231,939.0,7.12,169800.0,5.59,-14.26380368098159,176.1,2.982456140350874,5074.8,7.706348027251318,,,,0.0,,,,28.08,2025-11-10T18:00:02.857529,2001-03-01,17.045098
2001-04-01,388000.0,42.64705882352941,16802.0,0.75,0.63,88.4,8.18,0.02954545454545452,2.38,0.68,50.9,,,32.17390116836067,,132.14700000000002,10599.0,909.0,6.91,179000.0,5.29,-18.11145510835913,176.4,3.218256290228204,5139.1,7.787658878308658,,,,0.0,,,,28.64,2025-11-10T18:00:22.864659,2001-04-01,16.981706
2001-05-01,406000.0,48.175182481751825,16660.0,1.07,1.38,92.0,7.95,-0.02749999999999999,2.18,0.51,50.9,,,34.074643217140014,,132.14700000000002,10599.0,885.0,7.12,179000.0,4.61,-29.51070336391437,177.3,3.5630841121495465,5137.2,8.02195260424333,,,,0.0,,,,24.2,2025-11-10T18:00:42.869282,2001-05-01,16.978355
2001-06-01,405000.0,44.642857142857146,16513.0,1.17,1.72,92.6,7.65,0.002380952380952415,2.05,0.35,50.9,,,33.06853441111275,,132.14700000000002,10599.0,882.0,7.24,179000.0,4.14,-37.27272727272727,177.7,3.1939605110336817,5180.1,8.515585721468073,,,,0.0,,,,21.59,2025-11-10T18:01:02.884664,2001-06-01,16.992584
2001-07-01,394000.0,33.108108108108105,16381.0,1.17,1.77,92.4,8.16,0.02227272727272728,2.08,0.27,40.4,,,32.16303868744433,,132.14700000000002,10598.02,880.0,7.11,172500.0,3.95,-40.779610194902546,177.4,2.7214823393167444,5210.0,8.738755661302774,,,,0.0,,,,19.06,2025-11-10T18:01:22.894340,2001-07-01,16.984569
2001-08-01,388000.0,29.333333333333332,16233.0,1.28,1.58,91.5,8.09,-0.009499999999999975,2.03,0.21,40.4,,,31.40431876078012,,132.14700000000002,10598.02,866.0,7.03,172500.0,3.79,-31.09090909090909,177.4,2.7214823393167444,5243.8,8.803817823425671,,,,0.0,,,,20.56,2025-11-10T18:01:42.864637,2001-08-01,16.946969
2001-09-01,402000.0,28.846153846153843,16116.0,1.21,1.48,81.8,8.05,0.002857142857142881,2.09,0.16,40.4,,,27.66739258686248,,132.14700000000002,10598.02,853.0,6.92,172500.0,3.66,-33.69565217391304,178.1,2.5921658986175116,5355.1,10.296177294447203,,,,0.0,,,,24.92,2025-11-10T18:02:03.090243,2001-09-01,17.200118
2001-10-01,517000.0,79.51388888888889,15973.0,1.73,2.18,82.7,10.14,nan,2.47,0.28,50.9,,,28.57737311336008,,132.14700000000002,10660.465,871.0,6.72,171100.0,3.02,-39.72055888223552,177.6,2.1276595744680784,5343.8,9.69966949274321,,,,0.0,,,,32.32,2025-11-10T18:02:23.044556,2001-10-01,16.931126
2001-11-01,483000.0,63.72881355932203,15825.0,1.75,2.18,83.9,9.56,-0.010499999999999954,2.57,0.19,50.9,,,30.00510381105679,,132.14700000000002,10660.465,924.0,6.64,171100.0,2.61,-40.81632653061225,177.5,1.8943742824339904,5387.5,10.338542200012292,,,,0.0,,,,32.31,2025-11-10T18:02:43.034860,2001-11-01,16.963843
2001-12-01,465000.0,30.61797752808989,15712.0,1.94,3.0,88.8,8.39,-0.04285714285714279,2.34,0.28,50.9,,,30.499953255020436,,132.14700000000002,10660.465,979.0,7.02,171100.0,2.06,-48.883374689826304,177.4,1.603665521191301,5440.5,10.408718240116885,,,,0.0,,,,23.84,2025-11-10T18:03:03.047247,2001-12-01,16.986737
2002-01-01,421000.0,15.659340659340659,15588.0,2.0,3.33,93.0,8.24,nan,2.22,0.17,45.5,,,30.277204433095974,,101.147,10783.5,880.0,7.16,188700.0,1.52,-59.13978494623656,177.7,1.195899772209564,5460.9,9.694072273667706,,,,0.0,,,,23.8,2025-11-10T18:03:23.008494,2002-01-01,16.935394
2002-02-01,414000.0,20.699708454810494,15518.0,1.94,3.26,90.7,7.81,-0.017142857142857158,2.3,0.19,45.5,,,29.085704152008407,,101.147,10783.5,948.0,7.02,188700.0,1.77,-52.032520325203244,178.0,1.1363636363636365,5490.2,9.431931433127364,,,,0.0,,,,21.12,2025-11-10T18:03:42.964159,2002-02-01,16.92898
2002-03-01,398000.0,11.1731843575419,15443.0,1.8,3.21,95.7,7.99,-0.004285714285714279,2.45,0.16,45.5,,,30.292130640918653,,101.147,10783.5,923.0,6.8,188700.0,1.78,-51.36612021857923,178.5,1.3628620102214684,5502.0,8.418065736580749,,,,0.0,,,,19.96,2025-11-10T18:04:02.925580,2002-03-01,16.937556
2002-04-01,479000.0,26.71957671957672,15392.0,1.7,3.65,93.0,7.0,-0.016000000000000014,2.38,0.27,25.0,,,29.00588325311866,,101.147,10887.46,936.0,7.18,187200.0,1.88,-17.180616740088112,179.3,1.6439909297052187,5502.1,7.063493607830164,,,,0.0,,,,18.73,2025-11-10T18:04:24.107867,2002-04-01,18.153806
2002-05-01,414000.0,3.5000000000000004,15338.0,1.87,3.31,96.9,6.89,-0.014000000000000012,2.8,0.18,25.0,,,28.12810750868832,,101.147,10887.46,978.0,6.88,187200.0,1.88,-22.633744855967088,179.5,1.240834743372808,5528.3,7.6130966285135955,,,,0.0,,,,20.06,2025-11-10T18:04:44.067382,2002-05-01,16.934572
2002-06-01,378000.0,-6.666666666666667,15297.0,1.86,3.34,92.4,7.28,0.014761904761904785,2.26,0.19,25.0,,,26.38767254118334,,101.147,10887.46,957.0,6.76,187200.0,1.79,-12.682926829268284,179.6,1.0692177827799696,5553.3,7.204494121735097,,,,0.0,,,,19.98,2025-11-10T18:05:04.192719,2002-06-01,17.101985
2002-07-01,386000.0,1.3123359580052494,15256.0,1.97,3.13,88.1,8.69,0.05599999999999996,2.65,0.18,21.4,,,23.463120467431427,,101.147,10984.04,956.0,6.55,178100.0,1.83,-4.687499999999993,180.0,1.4656144306651604,5596.0,7.408829174664107,,,,0.0,,,,27.11,2025-11-10T18:05:25.409401,2002-07-01,18.18967
2002-08-01,390000.0,-2.0100502512562812,15171.0,2.32,2.79,87.6,9.54,0.013999999999999967,3.25,0.16,21.4,,,23.58871352884236,,101.147,10984.04,1014.0,6.34,178100.0,1.79,1.12994350282486,180.5,1.74746335963923,5638.3,7.5231702200694155,,,,0.0,,,,36.95,2025-11-10T18:05:45.382643,2002-08-01,16.947579
2002-09-01,394000.0,-0.25316455696202533,15119.0,2.0,2.45,86.1,9.61,-0.014090909090909114,3.18,0.15,21.4,,,22.36503680122432,,101.147,10984.04,1044.0,6.22,178100.0,1.81,11.042944785276084,180.8,1.5160022459292628,5662.3,5.736587552053179,,,,0.0,,,,32.64,2025-11-10T18:06:05.438646,2002-09-01,17.031296
2002-10-01,409000.0,-9.713024282560706,15059.0,1.92,2.13,80.6,10.21,0.03100000000000005,3.44,0.2,20.0,,,21.95623386365907,,101.147,11061.433,1006.0,5.99,190100.0,1.85,6.321839080459776,181.2,2.027027027027024,5707.1,6.798532879224525,,,,0.0,,,,34.12,2025-11-10T18:06:25.437253,2002-10-01,16.973181
2002-11-01,409000.0,-15.145228215767634,14992.0,2.25,2.58,84.2,10.47,-0.028571428571428553,3.51,0.25,20.0,,,23.34839650272512,,101.147,11061.433,1024.0,6.13,190100.0,1.74,0.5780346820809253,181.5,2.2535211267605635,5758.1,6.878886310904879,,,,0.0,,,,29.3,2025-11-10T18:06:45.500830,2002-11-01,17.038891
2002-12-01,377000.0,-23.217922606924642,14911.0,2.14,3.0,86.7,8.83,-0.060454545454545455,2.83,0.23,20.0,,,23.10144253768561,,101.147,11061.433,1048.0,6.13,190100.0,1.23,-28.901734104046245,181.8,2.480270574971818,5779.4,6.229206874368158,,,,0.0,,,,27.5,2025-11-10T18:07:05.459605,2002-12-01,16.934038
2003-01-01,409000.0,-1.6826923076923077,14867.0,2.22,2.61,82.4,8.9,nan,2.7,0.18,22.0,,,22.8983485766132,,124.52600000000001,11174.129,999.0,5.93,186000.0,1.16,-32.55813953488372,182.6,2.7574563871693902,5812.1,6.43117434855062,,,,0.0,,,,28.62,2025-11-10T18:07:25.440363,2003-01-01,16.953228
2003-02-01,413000.0,-0.24154589371980675,14780.0,2.28,2.82,79.9,8.29,0.017619047619047583,2.51,0.19,22.0,,,21.214102123415262,,124.52600000000001,11174.129,936.0,5.9,186000.0,1.33,-24.85875706214689,183.6,3.1460674157303337,5848.2,6.520709628064552,,,,0.0,,,,31.17,2025-11-10T18:07:45.488198,2003-02-01,17.023001
2003-03-01,436000.0,9.547738693467336,14721.0,2.18,2.51,77.6,8.38,-0.00047619047619046605,2.44,0.16,22.0,,,21.30971902699097,,124.52600000000001,11174.129,999.0,5.79,186000.0,1.33,-26.519337016574585,183.9,3.0252100840336165,5868.4,6.659396583060699,,,,0.0,,,,29.63,2025-11-10T18:08:05.465710,2003-03-01,16.953515
2003-04-01,436000.0,5.0602409638554215,14608.0,2.34,2.72,86.0,7.61,-0.0355,2.33,0.18,8.9,,,22.42793957773088,,124.52600000000001,11312.766,1012.0,5.91,191800.0,1.29,-26.704545454545453,183.2,2.1751254880089106,5905.5,7.331746060595039,,,,0.0,,,,28.36,2025-11-10T18:08:25.446916,2003-04-01,16.954852
2003-05-01,444000.0,6.730769230769231,14558.0,2.38,2.78,92.1,6.37,-0.041999999999999996,1.95,0.22,8.9,,,23.591080453481464,,124.52600000000001,11312.766,1078.0,5.79,191800.0,1.3,-25.287356321839077,182.9,1.8941504178273012,5965.3,7.904780854874012,,,,0.0,,,,21.59,2025-11-10T18:08:45.422555,2003-05-01,16.941028
2003-06-01,431000.0,6.9478908188585615,14493.0,2.04,2.26,89.7,6.79,0.01181818181818181,1.92,0.19,8.9,,,24.832223259531045,,124.52600000000001,11312.766,1193.0,5.31,191800.0,1.28,3.2258064516129057,183.1,1.9487750556792873,6002.2,8.083481893648814,,,,0.0,,,,19.47,2025-11-10T18:09:05.396568,2003-06-01,16.945913
2003-07-01,429000.0,10.56701030927835,14403.0,2.26,2.67,90.9,6.15,-0.01749999999999998,1.81,0.24,3.4,,,24.86732910126876,,124.52600000000001,11566.669,1168.0,5.24,191900.0,1.11,-14.615384615384611,183.7,2.055555555555549,6049.1,8.096854896354545,,,,0.0,,,,19.46,2025-11-10T18:09:25.387762,2003-07-01,16.966181
2003-08-01,398000.0,5.013192612137203,14376.0,2.59,3.49,89.3,5.77,-0.013333333333333345,1.72,0.21,3.4,,,24.642251409932143,,124.52600000000001,11566.669,1206.0,6.14,191900.0,1.0,-24.812030075187973,184.5,2.21606648199446,6107.1,8.314562900164946,,,,0.0,,,,20.75,2025-11-10T18:09:45.416055,2003-08-01,17.003052
2003-09-01,407000.0,2.261306532663317,14346.0,2.5,3.47,87.7,5.46,-0.033499999999999995,1.67,0.18,3.4,,,25.243686752606237,,124.52600000000001,11566.669,1131.0,6.32,191900.0,1.01,-17.213114754098356,185.1,2.378318584070787,6079.7,7.371562792504806,,,,0.0,,,,18.63,2025-11-10T18:10:05.410174,2003-09-01,16.968949
2003-10-01,387000.0,-3.4912718204488775,14334.0,2.49,3.01,89.6,5.46,0.004999999999999982,1.59,0.22,0.0,,,25.682756070579668,,124.52600000000001,11772.234,1144.0,5.98,198800.0,1.11,-9.016393442622942,184.9,2.0419426048565215,6070.0,6.358746123249979,,,,0.0,,,,21.07,2025-11-10T18:10:25.380130,2003-10-01,16.94526
2003-11-01,363000.0,-11.246943765281173,14316.0,2.48,3.37,93.7,4.73,-0.013809523809523768,1.49,0.23,0.0,,,25.946798218420103,,124.52600000000001,11772.234,1093.0,5.94,198800.0,1.03,-18.89763779527559,185.0,1.9283746556473829,6075.5,5.512234938608215,,,,0.0,,,,16.1,2025-11-10T18:10:45.426842,2003-11-01,17.022446
2003-12-01,357000.0,-8.461538461538462,14299.0,2.28,3.45,92.6,4.37,-0.0064999999999999945,1.4,0.25,0.0,,,26.635170511081512,,124.52600000000001,11772.234,1129.0,5.89,198800.0,1.03,-15.573770491803273,185.5,2.0352035203520287,6073.8,5.093954389729047,,,,0.0,,,,16.77,2025-11-10T18:11:05.405402,2003-12-01,16.954323
2004-01-01,349000.0,-11.421319796954315,14291.0,2.43,3.32,103.8,4.18,nan,1.3,0.22,-17.9,,,27.65854035573655,,133.613,11923.447,1165.0,5.85,212700.0,0.94,-2.0833333333333353,186.3,2.0262869660460114,6082.1,4.645480979336212,,,,0.0,,,,18.31,2025-11-10T18:11:25.437811,2004-01-01,17.005775
2004-02-01,376000.0,-7.616707616707617,14279.0,2.32,3.24,94.4,4.05,0.0018181818181818197,1.28,0.23,-17.9,,,27.6508620367402,,133.613,11923.447,1159.0,5.68,212700.0,1.03,19.76744186046512,186.7,1.6884531590413914,6121.8,4.678362573099422,,,,0.0,,,,16.63,2025-11-10T18:11:45.438231,2004-02-01,16.975527
2004-03-01,348000.0,-17.339667458432302,14287.0,2.33,3.03,95.8,4.29,0.002499999999999991,1.3,0.17,-17.9,,,26.886530384035847,,133.613,11923.447,1276.0,5.58,212700.0,1.04,8.333333333333341,187.1,1.740076128330608,6157.9,4.933201554086293,,,,0.0,,,,14.44,2025-11-10T18:12:05.416956,2004-03-01,16.954552
2004-04-01,340000.0,-17.27493917274939,14315.0,2.26,2.98,94.2,4.32,-0.0034999999999999697,1.33,0.19,-22.8,,,26.900577508444865,,133.613,12112.815,1186.0,5.52,217600.0,1.03,4.040404040404044,187.4,2.2925764192139835,6198.9,4.968249936499867,,,,0.0,,,,16.65,2025-11-10T18:12:25.405149,2004-04-01,16.956693
2004-05-01,324000.0,-27.027027027027028,14342.0,2.22,3.55,90.2,3.91,nan,1.25,0.22,-22.8,,,25.90281429294374,,133.613,12112.815,1241.0,6.01,217600.0,1.03,0.980392156862746,188.2,2.897758337889548,6275.7,5.203426483160941,,,,0.0,,,,17.19,2025-11-10T18:12:45.546529,2004-05-01,17.115415
2004-06-01,337000.0,-19.570405727923628,14334.0,2.11,3.54,95.6,4.25,-0.0029999999999999805,1.34,0.18,-22.8,,,26.40128536647489,,133.613,12112.815,1180.0,6.32,217600.0,1.02,3.030303030303033,188.9,3.1676679410158446,6277.9,4.593315784212453,,,,0.0,,,,16.3,2025-11-10T18:13:05.574597,2004-06-01,17.002758
2004-07-01,348000.0,-14.705882352941178,14331.0,1.93,3.35,96.7,4.13,0.0040000000000000036,1.33,0.4,-20.0,,,25.69588864626854,,133.613,12305.307,1088.0,6.21,213500.0,1.4,38.6138613861386,189.1,2.9395753946652183,6291.1,4.000595129854028,,,,0.0,,,,15.2,2025-11-10T18:13:25.593693,2004-07-01,16.987387
2004-08-01,341000.0,-14.321608040201006,14345.0,1.82,3.05,95.9,4.02,-0.00272727272727275,1.29,0.28,-20.0,,,25.17446222647776,,133.613,12305.307,1175.0,6.08,213500.0,1.29,32.98969072164949,189.2,2.5474254742547364,6317.8,3.4500826906387614,,,,0.0,,,,15.32,2025-11-10T18:13:45.577314,2004-08-01,16.958577
2004-09-01,352000.0,-9.974424552429667,14332.0,1.72,2.55,94.2,4.07,-0.004999999999999982,1.28,0.25,-20.0,,,25.66840677635768,,133.613,12305.307,1214.0,5.82,213500.0,1.53,53.0,189.8,2.539168017287962,6352.2,4.48212905242035,,,,0.0,,,,14.91,2025-11-10T18:14:05.622094,2004-09-01,17.018864
2004-10-01,351000.0,-7.387862796833773,14332.0,1.58,2.5,91.7,3.78,-0.004761904761904766,1.22,0.36,-21.1,,,25.41165566548932,,133.613,12527.214,1305.0,5.72,228800.0,1.86,86.00000000000001,190.8,3.190914007571663,6379.8,5.10378912685338,,,,0.0,,,,12.75,2025-11-10T18:14:25.598544,2004-10-01,16.944686
2004-11-01,332000.0,-12.401055408970976,14306.0,1.5,2.12,92.8,3.56,-0.009000000000000008,1.22,0.22,-21.1,,,26.46531081481804,,133.613,12527.214,1179.0,5.64,228800.0,1.83,84.84848484848486,191.7,3.6216216216216153,6406.3,5.444819356431572,,,,0.0,,,,16.27,2025-11-10T18:14:45.570277,2004-11-01,16.946569
2004-12-01,335000.0,-5.367231638418079,14285.0,1.37,2.16,97.1,3.15,-0.006000000000000005,1.15,0.24,-21.1,,,27.14480869474121,,133.613,12527.214,1242.0,5.72,228800.0,2.04,106.06060606060606,191.7,3.3423180592991852,6424.5,5.773980045441072,,,,0.0,,,,12.97,2025-11-10T18:15:05.537076,2004-12-01,16.941093
2005-01-01,356000.0,2.005730659025788,14257.0,1.16,2.02,95.5,3.1,-0.0033333333333333257,1.13,0.38,-23.6,,,26.587250697970365,,130.38299999999998,12767.286,1203.0,5.81,232500.0,1.97,57.599999999999994,191.6,2.844873859366604,6430.8,5.733217145393858,,,,0.0,,,,13.29,2025-11-10T18:15:25.511264,2005-01-01,16.939681
2005-02-01,331000.0,-6.232294617563739,14272.0,0.86,1.64,94.1,3.26,0.0029999999999999805,1.17,0.28,-23.6,,,26.74486312810117,,130.38299999999998,12767.286,1319.0,5.66,232500.0,2.4,84.6153846153846,192.4,3.0530262453133465,6438.9,5.179849064000775,,,,0.0,,,,12.03,2025-11-10T18:15:45.497204,2005-02-01,16.960468
2005-03-01,314000.0,-12.534818941504177,14268.0,0.79,1.63,92.6,2.81,-0.020500000000000008,1.1,0.23,-23.6,,,26.33914213105792,,130.38299999999998,12767.286,1328.0,5.69,232500.0,2.39,58.278145695364245,193.1,3.2068412613575634,6448.3,4.715893405219321,,,,0.0,,,,12.04,2025-11-10T18:16:05.572842,2005-03-01,17.049299
2005-04-01,342000.0,-1.1560693641618496,14249.0,0.71,1.66,87.7,3.55,0.03904761904761904,1.35,0.38,-24.1,,,25.40892256911446,,130.38299999999998,12922.656,1260.0,6.04,233700.0,2.83,52.1505376344086,193.7,3.361792956243321,6461.8,4.241075029440716,,,,0.0,,,,14.09,2025-11-10T18:16:25.596474,2005-04-01,16.999027
2005-05-01,334000.0,-1.4749262536873156,14255.0,0.55,1.31,86.9,4.19,0.036363636363636376,1.54,0.37,-24.1,,,25.65023018718296,,130.38299999999998,12922.656,1286.0,5.78,233700.0,2.97,70.68965517241381,193.6,2.8692879914984095,6479.0,3.2394792612776295,,,,0.0,,,,15.31,2025-11-10T18:16:46.816370,2005-05-01,18.186839
2005-06-01,340000.0,-0.5847953216374269,14227.0,0.41,0.94,96.0,4.13,-0.007500000000000018,1.36,0.44,-24.1,,,26.068394871883985,,130.38299999999998,12922.656,1274.0,5.65,233700.0,3.02,52.52525252525253,193.7,2.541026998411849,6511.7,3.724175281543194,,,,0.0,,,,12.36,2025-11-10T18:17:06.770716,2005-06-01,16.925045
2005-07-01,311000.0,-12.146892655367232,14225.0,0.3,0.89,96.5,3.75,-0.007619047619047626,1.32,0.43,-16.7,,,26.28787109125474,,130.38299999999998,13142.642,1389.0,5.53,236400.0,3.36,70.55837563451777,194.9,3.067160232681127,6543.5,4.0120169763634275,,,,0.0,,,,11.4,2025-11-10T18:17:26.739930,2005-07-01,16.945789
2005-08-01,316000.0,-9.195402298850574,14200.0,0.28,0.84,89.1,3.29,-0.0125,1.21,0.3,-16.7,,,26.104381410936146,,130.38299999999998,13142.642,1255.0,5.77,236400.0,3.3,44.10480349344977,196.1,3.6469344608879526,6576.3,4.091614169489379,,,,0.0,,,,12.08,2025-11-10T18:17:46.736160,2005-08-01,16.972128
2005-09-01,318000.0,-7.288629737609329,14173.0,0.3,0.54,76.9,3.7,0.014000000000000012,1.22,0.46,-16.7,,,25.730122990164464,,130.38299999999998,13142.642,1244.0,5.71,236400.0,3.57,42.8,198.8,4.7418335089567965,6610.1,4.0600107049526235,,,,0.0,,,,13.15,2025-11-10T18:18:06.715133,2005-09-01,16.955662
2005-10-01,384000.0,9.401709401709402,14189.0,0.16,0.79,74.2,3.54,-0.0023809523809523725,1.24,0.6,-8.8,,,24.876538723647947,,130.38299999999998,13324.204,1336.0,5.91,243600.0,3.93,41.36690647482016,199.1,4.350104821802925,6643.9,4.139628201511011,,,,0.0,,,,11.92,2025-11-10T18:18:26.729146,2005-10-01,16.98975
2005-11-01,322000.0,-4.733727810650888,14184.0,0.16,0.62,81.6,3.57,-0.007500000000000018,1.29,0.39,-8.8,,,25.931783309069008,,130.38299999999998,13324.204,1214.0,6.15,243600.0,3.99,33.44481605351171,198.1,3.3385498174230603,6660.7,3.971090957338864,,,,0.0,,,,14.85,2025-11-10T18:18:46.727419,2005-11-01,16.974657
2005-12-01,311000.0,-0.6389776357827476,14189.0,0.07,0.55,91.5,3.62,0.0030000000000000027,1.36,0.56,-8.8,,,26.443803114292397,,130.38299999999998,13324.204,1239.0,6.26,243600.0,4.03,34.78260869565217,198.1,3.3385498174230603,6687.8,4.098373414273487,,,,0.0,,,,11.24,2025-11-10T18:19:06.829815,2005-12-01,17.077493
2006-01-01,302000.0,-5.625,14208.0,-0.02,0.31,91.2,3.71,0.004999999999999994,1.21,0.55,-10.7,,,26.468702626685708,,141.644,13599.16,1174.0,6.22,247700.0,4.09,25.076452599388375,199.3,4.018789144050113,6730.1,4.654164334141945,,,,0.0,,,,12.07,2025-11-10T18:19:26.839280,2006-01-01,16.986019
2006-02-01,282000.0,-14.285714285714285,14208.0,-0.02,0.1,86.7,3.35,-0.008999999999999985,1.16,0.32,-10.7,,,26.24962476358328,,141.644,13599.16,1061.0,6.12,247700.0,4.47,28.080229226361013,199.4,3.6382536382536386,6754.7,4.904564444237373,,,99.6132,0.0,,,,12.36,2025-11-10T18:19:46.836641,2006-02-01,16.974377
2006-03-01,293000.0,-7.861635220125786,14210.0,-0.12,-0.01,88.9,3.33,-0.002499999999999991,1.13,0.34,-10.7,,,26.327837778667668,,141.644,13599.16,1116.0,6.26,247700.0,4.52,29.512893982808002,199.7,3.4179181771103027,6769.3,4.978056231875068,,,99.8355,0.0,,,,11.54,2025-11-10T18:20:06.919894,2006-03-01,17.059816
2006-04-01,291000.0,-14.912280701754385,14223.0,0.04,0.23,87.4,3.13,-0.008095238095238091,1.16,0.48,-12.3,,,26.147280943874517,,141.644,13753.424,1123.0,6.35,246300.0,5.0,29.198966408268728,200.7,3.6138358286009296,6806.9,5.340617165495674,,,100.56,0.0,,,,11.39,2025-11-10T18:20:26.894370,2006-04-01,16.950692
2006-05-01,321000.0,1.2618296529968454,14200.0,0.2,0.32,79.1,2.96,-0.007499999999999995,1.12,0.48,-12.3,,,25.65064070875733,,141.644,13753.424,1086.0,6.58,246300.0,4.84,21.303258145363397,201.3,3.9772727272727364,6813.7,5.16592066676956,,,97.9085,0.0,,,,12.54,2025-11-10T18:20:46.865325,2006-05-01,16.947254
2006-06-01,330000.0,3.125,14210.0,0.07,0.28,84.9,3.13,0.0125,1.2,0.56,-12.3,,,24.74958224164637,,141.644,13753.424,1074.0,6.67,246300.0,5.02,25.49999999999999,201.8,4.181724315952516,6851.8,5.222906460678477,,,97.7726,0.0,,,,14.52,2025-11-10T18:21:06.833421,2006-06-01,16.944878
2006-07-01,316000.0,1.607717041800643,14185.0,-0.01,0.14,84.7,3.35,0.003809523809523813,1.27,0.61,-8.9,,,24.6967867668533,,141.644,13870.188,965.0,6.78,235600.0,5.05,23.4718826405868,202.9,4.104669061056952,6893.6,5.350347673263549,,,98.2483,0.0,,,,13.08,2025-11-10T18:21:26.837797,2006-07-01,16.981035
2006-08-01,311000.0,-2.20125786163522,14154.0,0.02,-0.13,82.0,3.44,0.006000000000000005,1.27,0.48,-8.9,,,25.05139356201095,,141.644,13870.188,1035.0,6.72,235600.0,5.27,17.63392857142855,203.8,3.926568077511482,6925.1,5.303894287061116,,,98.1715,0.0,,,,15.05,2025-11-10T18:21:46.817669,2006-08-01,16.956735
2006-09-01,314000.0,-0.31746031746031744,14120.0,-0.04,-0.29,85.4,3.49,0.004761904761904766,1.28,0.5,-8.9,,,25.644156440797374,,141.644,13870.188,1016.0,6.44,235600.0,5.25,16.407982261640804,202.8,2.0120724346076457,6952.4,5.1784390553849295,,,97.5084,0.0,,,,11.96,2025-11-10T18:22:06.787858,2006-09-01,16.946112
2006-10-01,309000.0,-13.92757660167131,14068.0,-0.07,-0.25,93.6,3.44,0.0009090909090909098,1.29,0.6,0.0,,,26.538040282101708,,141.644,14039.56,941.0,6.31,245400.0,5.34,12.184873949579835,201.9,1.4063284781516883,7001.7,5.385391110642848,,,98.1054,0.0,,,,11.98,2025-11-10T18:22:26.772969,2006-10-01,16.961554
2006-11-01,328000.0,1.2345679012345678,14034.0,-0.09,-0.5,92.1,3.3,0.003999999999999981,1.26,0.43,0.0,,,26.92802027085648,,141.644,14039.56,1003.0,6.4,245400.0,5.23,8.28157349896481,202.0,1.9687026754164592,7037.2,5.652559040341106,,,97.4949,0.0,,,,11.51,2025-11-10T18:22:46.861929,2006-11-01,17.064645
2006-12-01,349000.0,7.716049382716049,14009.0,-0.09,-0.6,91.7,3.21,0.0028571428571428597,1.24,0.47,0.0,,,27.28268978757168,,141.644,14039.56,998.0,6.14,245400.0,5.27,6.0362173038229345,203.1,2.523977788995457,7080.1,5.86590508089357,,,96.4585,0.0,,,,11.66,2025-11-10T18:23:06.856115,2006-12-01,16.969577
2007-01-01,341000.0,6.5625,14004.0,-0.11,-0.31,96.9,2.89,nan,1.22,0.47,0.0,,,27.20753665680713,,137.64,14215.651,891.0,6.18,257400.0,5.17,-1.5238095238095253,203.437,2.075765178123432,7118.3,5.768116372713627,,,97.0323,0.0,,,,11.56,2025-11-10T18:23:26.826993,2007-01-01,16.946983
2007-02-01,308000.0,6.206896551724138,13993.0,-0.12,-0.29,91.3,2.66,-0.006999999999999984,1.16,0.36,0.0,,,27.31518141351661,,137.64,14215.651,828.0,6.34,257400.0,5.29,0.7619047619047626,204.226,2.4202607823470377,7134.3,5.619790664278212,,,97.7101,0.0,,,,10.31,2025-11-10T18:23:46.813518,2007-02-01,16.962164
2007-03-01,322000.0,13.780918727915195,13964.0,-0.07,-0.59,88.4,2.83,0.01200000000000001,1.16,0.35,0.0,,,26.22760555465089,,137.64,14215.651,833.0,6.18,257400.0,5.31,1.1428571428571355,205.288,2.798197295943927,7168.2,5.892780642016156,,,97.3358,0.0,,,,15.82,2025-11-10T18:24:06.779595,2007-03-01,16.941487
2007-04-01,307000.0,4.067796610169491,13939.0,0.07,-0.39,87.1,2.85,0.00454545454545455,1.22,0.45,-3.8,,,26.97626831418907,,137.64,14402.082,887.0,6.16,242200.0,5.3,0.952380952380949,205.904,2.5929247633283548,7240.7,6.372945099825181,,,96.3183,0.0,,,,14.64,2025-11-10T18:24:26.785924,2007-04-01,16.983224
2007-05-01,301000.0,-2.272727272727273,13922.0,0.01,-0.26,88.3,2.74,-0.0004999999999999894,1.2,0.6,-3.8,,,27.548490451851254,,137.64,14402.082,842.0,6.16,242200.0,5.26,0.7662835249042153,206.755,2.70988574267262,7254.6,6.470786797188026,,,95.0037,0.0,,,,13.51,2025-11-10T18:24:46.757180,2007-05-01,16.947258
2007-06-01,310000.0,-2.8213166144200628,13903.0,-0.02,0.16,85.3,2.41,-0.010476190476190464,1.19,0.7,-3.8,,,27.4182627404106,,137.64,14402.082,793.0,6.42,242200.0,5.23,-0.7590132827324317,207.234,2.6927651139742306,7287.8,6.363291397880849,,,94.132,0.0,,,,12.78,2025-11-10T18:25:06.807603,2007-06-01,17.021744
2007-07-01,317000.0,2.5889967637540456,13881.0,0.16,0.21,90.4,2.98,0.021363636363636373,1.27,0.68,7.5,,,27.41008816720432,,137.64,14564.117,778.0,6.67,241800.0,5.31,0.18867924528301486,207.603,2.317890586495812,7318.7,6.166589300220486,,,94.1393,0.0,,,,16.23,2025-11-10T18:25:26.776907,2007-07-01,16.944657
2007-08-01,305000.0,-0.32679738562091504,13821.0,0.2,-0.13,83.4,4.28,0.06000000000000001,1.62,0.61,7.5,,,26.14860718931231,,137.64,14564.117,699.0,6.69,241800.0,5.3,1.1450381679389239,207.667,1.897448478900878,7394.8,6.782573536844231,,,93.4011,0.0,,,,23.67,2025-11-10T18:25:46.761734,2007-08-01,16.960079
2007-09-01,314000.0,0.0,13784.0,0.39,0.53,83.4,4.55,0.020476190476190464,1.74,1.71,7.5,,,26.725743047696906,,137.64,14564.117,686.0,6.45,241800.0,4.96,-5.882352941176464,208.547,2.833826429980269,7413.0,6.625050342327834,,,93.6674,0.0,,,,23.38,2025-11-10T18:26:06.833577,2007-09-01,17.046658
2007-10-01,317000.0,-0.6269592476489028,13756.0,0.54,0.64,80.9,4.19,-0.02749999999999999,1.78,1.4,19.2,,,27.32064813046201,,137.64,14715.058,727.0,6.42,238400.0,4.92,-5.566218809980807,209.19,3.610698365527485,7428.1,6.089949583672545,,,90.8801,24000.0,,,,17.84,2025-11-10T18:26:26.848042,2007-10-01,16.990344
2007-11-01,328000.0,4.792332268370607,13751.0,0.59,0.55,76.1,4.53,0.03500000000000001,1.86,1.17,19.2,,,25.729053579498377,,137.64,14715.058,641.0,6.26,238400.0,4.59,-12.404580152671763,210.834,4.373267326732675,7453.6,5.917126129710688,,,89.1628,24000.0,,,,23.21,2025-11-10T18:26:46.826936,2007-11-01,16.954915
2007-12-01,344000.0,-1.4326647564469914,13739.0,0.93,0.82,75.5,5.75,0.034761904761904786,2.34,2.05,19.2,,,25.95551010524023,,137.64,14715.058,619.0,6.1,238400.0,4.66,-11.068702290076336,211.445,4.108813392417527,7483.9,5.703309275292711,,,89.6212,24000.0,,,,22.87,2025-11-10T18:27:06.816591,2007-12-01,16.965527
2008-01-01,360000.0,11.455108359133128,13717.0,0.99,0.68,78.4,5.92,nan,2.45,1.41,32.1,,,24.02231776083682,,78.4725,14706.538,627.0,6.17,233900.0,3.06,-41.714285714285715,212.174,4.29469565516597,7517.5,5.608080581037605,,,89.6297,21000.0,,,,22.5,2025-11-10T18:27:26.805805,2008-01-01,16.964289
2008-02-01,366000.0,9.253731343283581,13690.0,1.53,1.52,70.8,6.96,0.013333333333333345,2.78,1.04,32.1,,,23.495263401811787,,78.4725,14706.538,593.0,5.68,233900.0,3.12,-40.458015267175576,212.687,4.142959270611976,7604.0,6.583687257334284,,,88.4824,21000.0,,,,24.02,2025-11-10T18:27:46.800376,2008-02-01,16.970129
2008-03-01,345000.0,7.142857142857142,13650.0,1.88,1.68,69.5,7.67,0.019999999999999997,3.07,1.25,32.1,,,22.60681084224933,,78.4725,14706.538,535.0,6.24,233900.0,3.01,-39.31451612903226,213.448,3.974903550134443,7670.0,7.000362713093946,,,87.1654,21000.0,,,,26.54,2025-11-10T18:28:06.790438,2008-03-01,16.966146
2008-04-01,387000.0,27.722772277227726,13589.0,1.77,2.17,62.6,8.02,-0.00550000000000006,3.46,1.3,55.4,,,23.35604064320161,,78.4725,14865.701,536.0,5.85,235300.0,2.38,-49.789029535864984,213.942,3.903760975988816,7712.5,6.515944590992587,,,87.0276,62000.0,,,,22.68,2025-11-10T18:28:26.775531,2008-04-01,16.961389
2008-05-01,370000.0,15.264797507788161,13555.0,1.41,2.33,59.8,6.81,-0.04750000000000001,3.0,1.36,55.4,,,23.69643211662318,,78.4725,14865.701,504.0,6.06,235300.0,2.16,-49.532710280373834,215.208,4.088413823123989,7725.2,6.486918644721962,,,87.1347,62000.0,,,,18.88,2025-11-10T18:28:46.743437,2008-05-01,16.943944
2008-06-01,362000.0,16.7741935483871,13494.0,1.4,2.17,56.4,6.53,-0.016818181818181822,2.83,0.83,55.4,,,22.41681280228194,,78.4725,14865.701,487.0,6.08,235300.0,1.98,-56.00000000000001,217.463,4.935966105947858,7743.9,6.25840445676335,,,86.5504,62000.0,,,,17.83,2025-11-10T18:29:06.723725,2008-06-01,16.956307
2008-07-01,392000.0,25.23961661341853,13419.0,1.38,2.14,61.2,7.48,0.04600000000000004,3.09,0.95,57.7,,,20.90720646266158,,78.4725,14898.999,477.0,6.45,226500.0,2.11,-50.35294117647059,219.016,5.497512078341826,7791.2,6.456064601636903,,,86.8447,288263.0,,,,23.65,2025-11-10T18:29:26.738526,2008-07-01,16.989954
2008-08-01,434000.0,40.0,13348.0,1.46,2.31,63.0,8.13,0.011904761904761947,3.32,1.16,57.7,,,21.40161736004793,,78.4725,14898.999,435.0,6.52,226500.0,2.04,-34.61538461538461,218.69,5.308017162091231,7805.8,5.557959647319738,,,86.8257,288263.0,,,,22.57,2025-11-10T18:29:46.700995,2008-08-01,16.939102
2008-09-01,442000.0,34.34650455927052,13267.0,1.47,2.11,70.3,8.36,0.0125,3.47,1.12,57.7,,,20.362733946097517,,78.4725,14898.999,433.0,6.4,226500.0,1.94,-33.78839590443686,218.877,4.953319875136067,7872.4,6.197221098070951,,,90.08,288263.0,,,,20.65,2025-11-10T18:30:06.666746,2008-09-01,16.940444
2008-10-01,483000.0,59.93377483443708,13138.0,1.95,2.92,57.6,11.24,0.13100000000000006,4.64,3.31,83.6,,,16.387356548789832,,78.4725,14608.209,393.0,6.09,222500.0,1.15,-49.11504424778761,216.995,3.7310578899565026,7974.9,7.361236386155265,,,92.511,553728.0,,,,39.81,2025-11-10T18:30:26.639494,2008-10-01,16.946528
2008-11-01,490000.0,49.390243902439025,13026.0,2.45,3.55,55.3,16.17,0.03857142857142868,6.98,2.59,83.6,,,15.259659405704582,,78.4725,14608.209,389.0,6.46,222500.0,0.22,-88.10810810810811,213.153,1.0999174706166883,8027.0,7.692926907802936,,,99.7662,553728.0,,,,59.89,2025-11-10T18:30:46.606609,2008-11-01,16.942646
2008-12-01,529000.0,50.28409090909091,12842.0,1.82,2.65,60.1,20.2,0.192,7.72,2.15,83.6,,,15.376080747423767,,78.4725,14608.209,377.0,5.97,222500.0,0.52,-73.73737373737373,211.398,-0.022228002553854216,8204.7,9.631341947380392,,,102.1744,553728.0,,,,68.51,2025-11-10T18:31:07.637249,2008-12-01,18.006974
2009-01-01,533000.0,50.140845070422536,12552.0,1.49,2.14,61.2,18.12,nan,7.84,1.32,64.2,,,15.174651936879666,,104.139,14430.902,336.0,5.1,208400.0,0.14,-92.70833333333333,211.933,-0.11358601902212988,8289.0,10.262720319255072,,,98.6518,309917.0,,,,40.0,2025-11-10T18:31:28.947539,2009-01-01,18.285478
2009-02-01,629000.0,71.85792349726776,12371.0,1.93,2.63,56.3,16.26,-0.01772727272727259,6.79,0.94,64.2,,,14.122181801918895,,104.139,14430.902,372.0,5.1,208400.0,0.23,-88.3248730964467,212.705,0.008463140671503515,8319.3,9.406891109942126,,,102.1169,309917.0,,,,44.84,2025-11-10T18:31:49.017970,2009-02-01,17.046416
2009-03-01,652000.0,84.18079096045197,12196.0,2.02,2.76,57.3,17.38,0.06045454545454538,6.87,1.0,64.2,,,13.323667656863927,,104.139,14430.902,339.0,5.07,208400.0,0.22,-88.77551020408163,212.495,-0.44647876766238287,8386.4,9.340286831812252,,,104.9284,309917.0,,,,46.35,2025-11-10T18:32:09.058365,2009-03-01,17.010499
2009-04-01,665000.0,80.70652173913044,12017.0,1.85,2.46,65.1,17.12,-0.058499999999999906,7.32,0.96,39.6,,,14.981866453039244,,104.139,14381.236,337.0,4.85,220900.0,0.16,-85.45454545454545,212.709,-0.5763244243767021,8391.1,8.798703403565646,,,102.1252,114585.0,,,,42.28,2025-11-10T18:32:29.035814,2009-04-01,16.953353
2009-05-01,620000.0,77.65042979942693,11850.0,2.29,3.05,68.7,13.34,nan,6.19,0.86,39.6,,,15.996355755263156,,104.139,14381.236,376.0,4.78,220900.0,0.22,0.0,213.022,-1.015761495855176,8449.2,9.371925645937981,,,100.0057,114585.0,,,,35.3,2025-11-10T18:32:49.015905,2009-05-01,16.953997
2009-06-01,607000.0,64.49864498644986,11713.0,2.74,3.58,70.8,11.36,-0.06400000000000006,5.05,0.52,39.6,,,16.38418281621534,,104.139,14381.236,393.0,4.91,220900.0,0.21,-41.66666666666667,214.79,-1.229174618210915,8459.3,9.238239130154053,,,94.8107,114585.0,,,,30.04,2025-11-10T18:33:09.008878,2009-06-01,16.965157
2009-07-01,594000.0,55.90551181102362,11654.0,2.5,3.38,66.0,10.5,0.0035000000000000144,4.33,0.42,31.5,,,16.694620816995617,,104.139,14448.882,411.0,5.42,214300.0,0.2,150.0,214.726,-1.9587610037622785,8463.5,8.628966012937676,,,95.6581,56756.0,,,,26.22,2025-11-10T18:33:28.978927,2009-07-01,16.943702
2009-08-01,555000.0,27.880184331797235,11612.0,2.39,3.34,65.7,9.22,-0.07952380952380952,3.65,0.3,31.5,,,18.094069801576083,,104.139,14448.882,418.0,5.25,214300.0,0.18,-25.0,215.445,-1.483835566326766,8463.0,8.41938046068308,,,94.2526,56756.0,,,,25.92,2025-11-10T18:33:48.952279,2009-08-01,16.949365
2009-09-01,564000.0,33.966745843230406,11580.0,2.46,3.24,73.5,9.18,0.020000000000000018,3.35,0.19,31.5,,,18.83190226484009,,104.139,14448.882,386.0,5.14,214300.0,0.15,-25.000000000000007,215.861,-1.37794286288647,8461.6,7.48437579391292,,,95.2201,56756.0,,,,29.15,2025-11-10T18:34:08.928446,2009-09-01,16.951528
2009-10-01,554000.0,14.699792960662524,11527.0,2.34,3.11,70.6,8.11,-0.033499999999999995,3.09,0.18,14.0,,,19.358008443486845,,104.139,14651.249,396.0,4.94,219000.0,0.11,-15.384615384615389,216.509,-0.22396829420033565,8487.9,6.432682541473874,,,93.5995,10272.0,,,,28.27,2025-11-10T18:34:28.905340,2009-10-01,16.951463
2009-11-01,522000.0,8.75,11498.0,2.51,3.36,67.4,7.6,-0.012272727272727295,2.88,0.23,14.0,,,19.81276107996607,,104.139,14651.249,375.0,5.03,219000.0,0.11,-45.0,217.234,1.9145871744709282,8517.0,6.104397657904572,,,92.6207,10272.0,,,,30.69,2025-11-10T18:34:48.964978,2009-11-01,17.034844
2009-12-01,475000.0,-10.714285714285714,11465.0,2.61,3.22,72.5,7.58,0.0030000000000000248,2.88,0.2,14.0,,,20.32237650021655,,104.139,14651.249,352.0,4.78,219000.0,0.13,-35.0,217.347,2.8141231232083617,8512.2,3.7478518410179524,,,90.8323,10272.0,,,,21.92,2025-11-10T18:35:08.929694,2009-12-01,16.940749
2010-01-01,468000.0,-20.272572402044293,11447.0,2.71,3.79,74.4,6.39,nan,2.48,0.19,-5.5,,,20.527859801454422,,114.848,14764.61,345.0,5.14,222900.0,0.05,-68.75,217.488,2.621111388976708,8477.7,2.2765110387260314,,,92.9124,0.0,,,,21.68,2025-11-10T18:35:28.938972,2010-01-01,16.983771
2010-02-01,496000.0,-15.358361774744028,11439.0,2.82,3.58,73.6,6.54,0.023499999999999986,2.32,0.15,-5.5,,,19.920539306600453,,114.848,14764.61,336.0,4.98,222900.0,0.14,-17.64705882352941,217.281,2.1513363578665254,8527.3,2.5002103542365344,,,93.7321,0.0,,,,22.59,2025-11-10T18:35:48.924479,2010-02-01,16.960423
2010-03-01,488000.0,-25.49618320610687,11439.0,2.81,3.48,73.6,6.66,-0.010999999999999987,2.35,0.12,-5.5,,,21.004601209715368,,114.848,14764.61,381.0,5.05,222900.0,0.14,-12.499999999999993,217.353,2.2861714393279864,8523.5,1.6347896594486357,,,93.7979,0.0,,,,19.26,2025-11-10T18:36:10.705395,2010-03-01,18.756694
2010-04-01,459000.0,-30.559757942511347,11475.0,2.84,3.73,72.2,5.82,-0.014500000000000002,2.04,0.13,-7.1,,,21.804845599625164,,114.848,14980.193,422.0,5.08,219500.0,0.17,30.769230769230777,217.403,2.206770752530447,8554.8,1.950876523936062,,,92.6661,1245.0,,,,17.47,2025-11-10T18:36:30.672397,2010-04-01,16.941484
2010-05-01,451000.0,-27.258064516129032,11511.0,2.72,3.53,73.6,5.61,-0.0033333333333333045,1.97,0.19,-7.1,,,20.48006863842341,,114.848,14980.193,280.0,5.06,219500.0,0.2,66.66666666666669,217.29,2.0035489292185784,8609.0,1.891303318657379,,,92.8423,1245.0,,,,22.05,2025-11-10T18:36:50.672576,2010-05-01,16.975858
2010-06-01,458000.0,-24.422442244224424,11529.0,2.51,3.13,76.0,7.04,0.04300000000000002,2.53,0.38,-7.1,,,19.74203985373946,,114.848,14980.193,305.0,4.78,219500.0,0.2,53.846153846153854,217.199,1.1215605940686346,8628.1,1.9954369746905904,,,96.6123,1245.0,,,,35.54,2025-11-10T18:37:10.648713,2010-06-01,16.951738
2010-07-01,464000.0,-23.684210526315788,11546.0,2.33,2.79,67.8,7.17,-0.004999999999999982,2.64,0.36,-8.8,,,19.66866047071771,,114.848,15141.607,283.0,4.58,224100.0,0.17,240.0,217.605,1.3407784804820986,8639.5,2.0795179299344246,,,95.8018,61.0,,,,32.86,2025-11-10T18:37:30.627379,2010-07-01,16.952468
2010-08-01,476000.0,-18.909710391822827,11538.0,2.39,2.79,68.9,6.59,-0.013181818181818183,2.41,0.3,-8.8,,,19.77029917435858,,114.848,15141.607,282.0,4.54,224100.0,0.18,28.57142857142855,217.923,1.1501775395112481,8687.9,2.657450076804911,,,93.2793,61.0,,,,23.5,2025-11-10T18:37:50.612645,2010-08-01,16.961052
2010-09-01,467000.0,-16.607142857142858,11549.0,2.08,2.45,68.2,6.8,-0.0015000000000000124,2.48,0.17,-8.8,,,20.381395233204035,,114.848,15141.607,317.0,4.36,224100.0,0.19,11.764705882352935,218.275,1.1183122472331806,8718.7,3.0384324477640208,,,94.1148,61.0,,,,23.89,2025-11-10T18:38:10.606720,2010-09-01,16.969302
2010-10-01,459000.0,-14.365671641791044,11548.0,2.12,2.38,67.7,6.22,-0.00714285714285716,2.36,0.13,-10.5,,,21.240127651759423,,114.848,15309.474,291.0,4.32,224300.0,0.2,0.0,219.035,1.166695148931458,8768.4,3.30470434383063,,,90.836,75.0,,,,22.5,2025-11-10T18:38:30.604614,2010-10-01,16.972047
2010-11-01,453000.0,-14.528301886792452,11571.0,2.32,2.53,71.6,5.96,-0.006000000000000005,2.28,0.16,-10.5,,,21.70072382776062,,114.848,15309.474,287.0,4.23,224300.0,0.2,-4.761904761904753,219.59,1.0845447766003455,8789.0,3.1936127744510974,,,90.0307,75.0,,,,21.83,2025-11-10T18:38:50.580391,2010-11-01,16.951155
2010-12-01,432000.0,-10.37344398340249,11579.0,2.44,2.81,74.5,6.02,0.013499999999999979,2.27,0.14,-10.5,,,22.396379773044213,,114.848,15309.474,326.0,4.4,224300.0,0.2,5.263157894736847,220.472,1.4377930222179278,8822.7,3.647705646013956,,,91.6799,75.0,,,,21.36,2025-11-10T18:39:10.554333,2010-12-01,16.94952
2011-01-01,413000.0,-11.752136752136751,11606.0,2.69,3.18,74.2,5.41,-0.0061904761904761855,2.11,0.18,-10.5,,,22.978299430554983,,100.26299999999999,15351.448,307.0,4.86,226900.0,0.13,-27.777777777777775,221.187,1.700783491502985,8845.0,4.332543024641108,,,90.5146,0.0,,,,17.75,2025-11-10T18:39:30.519901,2011-01-01,16.939499
2011-02-01,420000.0,-10.828025477707007,11637.0,2.87,3.33,77.5,4.99,-0.008999999999999985,2.03,0.16,-10.5,,,23.48982870329853,,100.26299999999999,15351.448,270.0,4.8,226900.0,0.18,-5.263157894736847,221.898,2.1248981733331447,8908.8,4.473866288274132,,,89.1436,0.0,,,,17.63,2025-11-10T18:39:50.494607,2011-02-01,16.950269
2011-03-01,385000.0,-23.0,11659.0,2.75,3.27,67.5,4.76,0.008000000000000007,1.94,0.17,-10.5,,,22.89933643014364,,100.26299999999999,15351.448,300.0,4.95,226900.0,0.15,-21.052631578947373,223.046,2.619241510354117,8966.8,5.200915117029381,,,88.831,0.0,,,,21.01,2025-11-10T18:40:11.663129,2011-03-01,18.143973
2011-04-01,399000.0,-15.466101694915254,11689.0,2.66,3.39,69.8,4.72,-0.007619047619047626,1.88,0.23,-16.4,,,23.14392944728595,,100.26299999999999,15557.539,310.0,4.86,228100.0,0.11,-45.0,224.093,3.07723444478687,9030.2,5.557114134754775,,,87.7993,0.0,,,,17.4,2025-11-10T18:40:31.681923,2011-04-01,16.993198
2011-05-01,468000.0,4.231625835189309,11697.0,2.71,3.28,74.3,4.76,0.010454545454545433,1.86,0.23,-16.4,,,23.05949150609534,,100.26299999999999,15557.539,305.0,4.78,228100.0,0.09,-55.00000000000001,224.806,3.458971880896507,9102.5,5.732373097920781,,,85.5999,0.0,,,,14.75,2025-11-10T18:40:51.647362,2011-05-01,16.940952
2011-06-01,418000.0,-9.719222462203025,11710.0,2.52,2.91,71.5,5.15,0.019000000000000038,1.97,0.2,-16.4,,,22.10083128661099,,100.26299999999999,15557.539,301.0,4.6,228100.0,0.1,-44.44444444444444,224.806,3.5023181506360523,9176.5,6.355976402684248,,,86.5964,0.0,,,,18.3,2025-11-10T18:41:11.621993,2011-06-01,16.95045
2011-07-01,421000.0,-6.8584070796460175,11729.0,2.72,3.2,63.7,5.34,-0.004285714285714279,2.0,0.23,-21.8,,,22.610981701156625,,100.26299999999999,15647.68,296.0,4.51,223500.0,0.08,-38.46153846153847,225.395,3.579880976999619,9338.4,8.089588517854038,,,86.3613,500.0,,,,15.87,2025-11-10T18:41:31.600686,2011-07-01,16.953711
2011-08-01,406000.0,-12.688172043010754,11748.0,2.39,2.67,55.8,5.63,0.0015000000000000124,2.04,0.16,-21.8,,,20.049852721660496,,100.26299999999999,15647.68,299.0,4.55,223500.0,0.17,-5.555555555555546,226.106,3.754996030708091,9524.9,9.634088790156426,,,86.0391,500.0,,,,23.66,2025-11-10T18:41:51.664107,2011-08-01,17.038
2011-09-01,409000.0,-11.85344827586207,11752.0,1.96,2.13,59.5,7.26,-0.0020000000000000018,2.65,0.31,-21.8,,,19.69811456887771,,100.26299999999999,15647.68,304.0,4.22,223500.0,0.08,-46.666666666666664,226.597,3.8126216928186936,9545.1,9.47847729592714,,,86.8512,500.0,,,,31.82,2025-11-10T18:42:11.647795,2011-09-01,16.952678
2011-10-01,405000.0,-11.76470588235294,11762.0,1.67,1.9,60.8,8.41,0.04285714285714287,3.1,0.35,-5.9,,,20.155824786688747,,100.26299999999999,15842.259,316.0,4.01,221100.0,0.06,-33.33333333333333,226.75,3.522268130664051,9577.9,9.232014962821038,,,91.9998,99823.0,,,,42.96,2025-11-10T18:42:31.615593,2011-10-01,16.942384
2011-11-01,399000.0,-7.638888888888889,11753.0,1.78,2.0,63.7,7.42,-0.032500000000000015,2.81,0.42,-5.9,,,20.34524679764582,,100.26299999999999,15842.259,328.0,4.1,221100.0,0.08,-11.111111111111107,227.169,3.451432214581724,9629.5,9.563090226419387,,,90.7296,99823.0,,,,34.77,2025-11-10T18:42:51.584998,2011-11-01,16.945115
2011-12-01,397000.0,-2.457002457002457,11783.0,1.84,2.1,69.9,7.69,0.01150000000000002,3.13,0.52,-5.9,,,20.523575499431697,,100.26299999999999,15842.259,341.0,4.0,221100.0,0.08,-27.27272727272727,227.223,3.062066838419393,9677.1,9.684110306368794,,,91.227,99823.0,,,,27.41,2025-11-10T18:43:11.562777,2011-12-01,16.952409
2012-01-01,376000.0,-6.9306930693069315,11820.0,1.64,1.87,75.0,7.23,-0.013636363636363629,3.15,0.56,5.4,,,21.21300809180345,,114.854,16068.805,335.0,3.95,238400.0,0.04,-50.0,227.842,3.008766337985506,9750.3,10.235161107970598,,,92.4262,46482.0,,,,23.4,2025-11-10T18:43:31.540505,2012-01-01,16.948421
2012-02-01,372000.0,-16.591928251121075,11841.0,1.64,1.81,75.3,6.54,-0.019499999999999983,2.85,0.48,5.4,,,21.79743596371753,,114.854,16068.805,366.0,3.98,238400.0,0.11,37.5,228.329,2.89817844234739,9802.0,10.026041666666675,,,90.0963,46482.0,,,,18.55,2025-11-10T18:43:51.502511,2012-02-01,16.935778
2012-03-01,365000.0,-7.3604060913705585,11880.0,1.73,1.95,76.2,5.94,-0.020499999999999963,2.53,0.4,5.4,,,22.053943972904708,,114.854,16068.805,354.0,3.9,238400.0,0.11,37.5,228.807,2.5828752813321,9846.0,9.805058660837766,,,89.7817,46482.0,,,,17.26,2025-11-10T18:44:11.487001,2012-03-01,16.959515
2012-04-01,358000.0,-10.275689223057643,11897.0,1.9,2.16,76.4,5.99,-0.00454545454545453,2.43,0.4,-6.9,,,21.779246906824888,,114.854,16207.115,354.0,3.99,238700.0,0.09,28.57142857142855,229.187,2.273163374134856,9899.5,9.62658634360257,,,90.4593,27969.0,,,,15.5,2025-11-10T18:44:31.496479,2012-04-01,16.985334
2012-05-01,372000.0,-11.848341232227488,11908.0,1.71,1.89,79.3,5.96,-0.016999999999999994,2.53,0.38,-6.9,,,20.941467419743475,,114.854,16207.115,370.0,3.88,238700.0,0.16,77.77777777777779,228.713,1.7379429374660738,9942.8,9.231529799505623,,,90.3227,27969.0,,,,16.6,2025-11-10T18:44:51.578389,2012-05-01,17.049956
2012-06-01,381000.0,-9.929078014184398,11918.0,1.22,1.4,73.2,7.16,0.05428571428571431,2.89,0.4,-6.9,,,20.547504086856083,,114.854,16207.115,360.0,3.75,238700.0,0.16,100.0,228.524,1.6538704482976385,10012.8,9.113496431101174,,,94.6979,27969.0,,,,26.66,2025-11-10T18:45:11.552853,2012-06-01,16.950026
2012-07-01,372000.0,-11.63895486935867,11944.0,1.34,1.58,72.3,6.44,-0.02318181818181817,2.75,0.37,-9.5,,,20.99934129338056,,114.854,16319.541,369.0,3.66,248800.0,0.09,28.57142857142855,228.59,1.4175114798464887,10065.5,7.786130386361694,,,92.9096,12551.0,,,,17.08,2025-11-10T18:45:31.522301,2012-07-01,16.943996
2012-08-01,372000.0,-9.48905109489051,11940.0,1.32,1.46,74.3,6.1,-0.015500000000000024,2.53,0.34,-9.5,,,21.410428453442933,,114.854,16319.541,375.0,3.49,248800.0,0.14,27.27272727272728,229.918,1.6859349154821242,10136.1,6.416865268926716,,,92.8905,12551.0,,,,18.96,2025-11-10T18:45:51.503393,2012-08-01,16.950396
2012-09-01,371000.0,-9.290953545232274,11934.0,1.35,1.48,78.3,5.98,0.0,2.45,0.33,-9.5,,,21.78369030172768,,114.854,16319.541,385.0,3.59,248800.0,0.13,18.181818181818183,231.015,1.9497168982819624,10216.3,7.031880231741929,,,92.1677,12551.0,,,,17.47,2025-11-10T18:46:11.469769,2012-09-01,16.941773
2012-10-01,376000.0,-7.389162561576355,11941.0,1.39,1.55,82.6,5.71,0.0035000000000000144,2.24,0.27,-7.6,,,21.577109654528787,,114.854,16420.419,358.0,3.4,251700.0,0.15,0.0,231.638,2.155678059536937,10282.6,7.3575627225174705,,,90.7011,8889.0,,,,16.32,2025-11-10T18:46:31.441494,2012-10-01,16.948303
2012-11-01,364000.0,-9.67741935483871,11930.0,1.45,1.66,82.7,5.57,0.0005000000000000337,2.02,0.22,-7.6,,,20.898162059573696,,114.854,16420.419,392.0,3.39,251700.0,0.17,6.250000000000005,231.249,1.7960197033926213,10351.6,7.498831715042321,,,91.1217,8889.0,,,,16.69,2025-11-10T18:46:51.420116,2012-11-01,16.953989
2012-12-01,375000.0,-5.541561712846348,11939.0,1.37,1.54,72.9,5.65,-0.005714285714285677,2.13,0.23,-7.6,,,21.23826113984562,,114.854,16420.419,399.0,3.32,251700.0,0.16,-5.8823529411764754,231.221,1.7595049796895517,10474.1,8.235938452635603,,,91.1038,8889.0,,,,15.87,2025-11-10T18:47:11.396722,2012-12-01,16.950167
2013-01-01,362000.0,-6.217616580310881,11962.0,1.53,1.73,73.8,5.34,nan,2.04,0.26,-7.4,,,21.900475413821813,,142.69799999999998,16648.189,446.0,3.35,258400.0,0.09,-47.05882352941177,231.679,1.6840617620982914,10497.4,7.662328338615226,,,91.0834,8056.0,,,,18.02,2025-11-10T18:47:31.371988,2013-01-01,16.951078
2013-02-01,366000.0,-3.937007874015748,11974.0,1.77,1.98,77.6,4.94,0.00047619047619050834,1.95,0.24,-7.4,,,22.05272433686195,,142.69799999999998,16648.189,447.0,3.53,258400.0,0.14,0.0,232.937,2.018140490257481,10516.4,7.288308508467656,,,90.6923,8056.0,,,,12.9,2025-11-10T18:47:52.069230,2013-02-01,17.673586
2013-03-01,342000.0,-4.735376044568245,11977.0,1.61,1.75,78.6,5.0,-0.003809523809523813,1.99,0.17,-7.4,,,22.419207114602575,,142.69799999999998,16648.189,444.0,3.51,258400.0,0.14,7.692307692307699,232.282,1.518747241124626,10572.6,7.379646556977456,,,92.6177,8056.0,,,,15.36,2025-11-10T18:48:12.034738,2013-03-01,16.937294
2013-04-01,375000.0,3.3057851239669422,11978.0,1.63,1.78,76.4,4.87,0.005500000000000016,2.01,0.21,-19.1,,,22.59565539610559,,142.69799999999998,16728.687,441.0,3.57,268100.0,0.16,0.0,231.797,1.1388080475768632,10600.0,7.076114955300773,,,92.1687,1679.0,,,,13.58,2025-11-10T18:48:32.018602,2013-04-01,16.959071
2013-05-01,331000.0,-14.470284237726098,11978.0,1.46,1.6,84.5,4.5,-0.01150000000000002,1.96,0.21,-19.1,,,23.41184178184241,,142.69799999999998,16728.687,428.0,3.4,268100.0,0.14,-12.499999999999993,231.893,1.3903888279197103,10634.2,6.953775596411489,,,91.4331,1679.0,,,,14.49,2025-11-10T18:48:52.007719,2013-05-01,16.964384
2013-06-01,346000.0,-9.186351706036746,11982.0,1.86,2.12,84.1,4.62,0.018571428571428555,1.95,0.24,-19.1,,,22.925333173915337,,142.69799999999998,16728.687,470.0,3.81,268100.0,0.09,-43.75000000000001,232.445,1.7157935271568816,10691.3,6.776326302333015,,,93.6076,1679.0,,,,16.3,2025-11-10T18:49:12.495782,2013-06-01,17.462978
2013-07-01,340000.0,-10.526315789473683,11962.0,2.16,2.46,85.1,5.17,0.004499999999999993,2.21,0.23,-18.1,,,23.492460177159643,,142.69799999999998,16953.838,375.0,4.46,264800.0,0.1,-41.1764705882353,232.9,1.8854718054158108,10730.5,6.606725945059858,,,94.0998,511.0,,,,16.37,2025-11-10T18:49:32.471020,2013-07-01,16.950416
2013-08-01,334000.0,-9.239130434782608,11992.0,2.39,2.7,82.1,4.63,-0.008499999999999997,2.04,0.23,-18.1,,,23.3566490949161,,142.69799999999998,16953.838,381.0,4.39,264800.0,0.08,-42.85714285714286,233.456,1.5388094886002759,10788.5,6.436400587997353,,,93.7972,511.0,,,,12.94,2025-11-10T18:49:52.456076,2013-08-01,16.959738
2013-09-01,325000.0,-13.793103448275861,12010.0,2.39,2.75,77.5,4.76,nan,2.11,0.23,-18.1,,,23.442287167960608,,142.69799999999998,16953.838,403.0,4.51,264800.0,0.07,-53.333333333333336,233.544,1.0947341081748048,10848.9,6.192065620625867,,,94.7541,511.0,,,,17.01,2025-11-10T18:50:12.438545,2013-09-01,16.949984
2013-10-01,319000.0,-15.384615384615385,12033.0,2.33,2.64,73.2,4.78,0.007500000000000018,2.08,0.23,-8.3,,,23.83473788763144,,142.69799999999998,17192.019,444.0,4.32,273600.0,0.08,-42.85714285714286,233.669,0.8767991434911396,10973.2,6.716200182833139,,,92.9515,272.0,,,,15.54,2025-11-10T18:50:32.449209,2013-10-01,16.986136
2013-11-01,347000.0,-7.219251336898395,12054.0,2.32,2.61,75.1,4.31,-0.014761904761904785,1.93,0.2,-8.3,,,24.642077092412062,,142.69799999999998,17192.019,446.0,4.1,273600.0,0.08,-42.85714285714286,234.1,1.2328701961954427,10981.9,6.0889137911047495,,,93.155,272.0,,,,13.28,2025-11-10T18:50:52.428145,2013-11-01,16.954781
2013-12-01,312000.0,-19.587628865979383,12060.0,2.47,2.69,82.5,4.27,-0.005000000000000015,1.91,0.18,-8.3,,,24.861869296461947,,142.69799999999998,17192.019,433.0,4.29,273600.0,0.07,-36.36363636363636,234.719,1.5128383667573404,11046.9,5.468727623375749,,,93.6291,272.0,,,,13.7,2025-11-10T18:51:12.399210,2013-12-01,16.946266
2014-01-01,332000.0,-8.287292817679557,12058.0,2.66,2.97,81.2,4.0,nan,1.74,0.18,-13.7,,,24.859609093632724,,150.026,17197.738,443.0,4.48,275200.0,0.07,-30.0,235.288,1.5577587955749157,11116.6,5.898603463714832,,,93.5576,407.0,,,,13.72,2025-11-10T18:51:32.417268,2014-01-01,16.993292
2014-02-01,331000.0,-9.562841530054644,12084.0,2.33,2.65,81.6,4.21,0.012380952380952371,1.78,0.22,-13.7,,,24.59093087789414,,150.026,17197.738,420.0,4.32,275200.0,0.07,-12.499999999999993,235.547,1.1204746347724857,11182.3,6.332014757901941,,,95.1774,407.0,,,,18.41,2025-11-10T18:51:52.398196,2014-02-01,16.956152
2014-03-01,319000.0,-6.725146198830409,12096.0,2.33,2.61,80.0,3.81,-0.01857142857142858,1.66,0.19,-13.7,,,24.95603915396539,,150.026,17197.738,405.0,4.37,275200.0,0.06,-14.285714285714295,236.028,1.6126949139408049,11218.2,6.1063503773906165,,,94.3879,407.0,,,,14.0,2025-11-10T18:52:12.371252,2014-03-01,16.949193
2014-04-01,330000.0,-7.82122905027933,12109.0,2.33,2.73,84.1,3.73,-0.007000000000000006,1.59,0.19,-11.1,,,24.78631539696264,,150.026,17518.508,403.0,4.4,288000.0,0.08,0.0,236.468,2.0151253036061694,11263.1,6.255660377358494,,,94.1244,124.0,,,,13.1,2025-11-10T18:52:32.369899,2014-04-01,16.972967
2014-05-01,345000.0,0.5830903790087464,12120.0,2.22,2.6,81.9,3.75,-0.003499999999999992,1.55,0.19,-11.1,,,24.943274109902596,,150.026,17518.508,451.0,4.29,288000.0,0.09,12.499999999999993,236.918,2.166947687079819,11327.6,6.520471685693326,,,93.8707,124.0,,,,13.25,2025-11-10T18:52:52.365758,2014-05-01,16.970662
2014-06-01,312000.0,-11.614730878186968,12146.0,2.11,2.44,82.5,3.67,-0.003181818181818195,1.5,0.19,-11.1,,,25.55800762351129,,150.026,17518.508,418.0,4.12,288000.0,0.08,-11.111111111111107,237.231,2.058981694594421,11382.8,6.467875749441135,,,93.7606,124.0,,,,11.4,2025-11-10T18:53:12.351471,2014-06-01,16.960749
2014-07-01,308000.0,-11.239193083573488,12165.0,2.11,2.56,81.8,3.5,0.0020000000000000018,1.44,0.21,-10.7,,,25.817545976158748,,150.026,17804.228,402.0,4.14,281000.0,0.1,25.000000000000007,237.498,1.9742378703306074,11437.5,6.58869577372909,,,93.1365,240.0,,,,11.15,2025-11-10T18:53:32.337200,2014-07-01,16.960969
2014-08-01,303000.0,-14.647887323943662,12182.0,2.05,2.49,82.5,4.25,0.030476190476190483,1.5,0.21,-10.7,,,25.6176064217994,,150.026,17804.228,456.0,4.12,281000.0,0.09,28.57142857142855,237.46,1.7150983482969036,11461.6,6.2390508411734755,,,94.4754,240.0,,,,17.03,2025-11-10T18:53:52.309462,2014-08-01,16.947734
2014-09-01,303000.0,-9.821428571428571,12201.0,1.87,2.32,84.6,3.84,-0.01150000000000002,1.5,0.2,-10.7,,,25.9184368926062,,150.026,17804.228,470.0,4.1,281000.0,0.07,-12.499999999999993,237.477,1.6840509711232112,11502.8,6.027339177243773,,,94.7251,240.0,,,,11.98,2025-11-10T18:54:12.279192,2014-09-01,16.945227
2014-10-01,290000.0,-7.643312101910828,12233.0,1.89,2.4,86.9,4.45,0.020000000000000018,1.61,0.21,-10.5,,,25.16274828308326,,150.026,17912.079,476.0,4.2,298900.0,0.09,12.499999999999993,237.43,1.6095417021513319,11576.6,5.498851747894867,,,97.5387,1528.0,,,,16.71,2025-11-10T18:54:32.242474,2014-10-01,16.937268
2014-11-01,280000.0,-19.30835734870317,12260.0,1.85,2.34,88.8,4.3,-0.017142857142857158,1.67,0.22,-10.5,,,26.60681714714343,,150.026,17912.079,442.0,3.98,298900.0,0.07,-22.222222222222214,236.983,1.2315249893208071,11617.3,5.785884045565883,,,98.1163,1528.0,,,,14.03,2025-11-10T18:54:52.216691,2014-11-01,16.949298
2014-12-01,291000.0,-7.9113924050632916,12266.0,1.73,2.19,93.6,4.82,0.025,1.82,0.2,-10.5,,,26.79408548257257,,150.026,17912.079,497.0,3.97,298900.0,0.13,44.44444444444445,236.252,0.6531213919623104,11701.0,5.921118141741125,,,99.8964,1528.0,,,,14.29,2025-11-10T18:55:12.183605,2014-12-01,16.9419
2015-01-01,285000.0,-14.67065868263473,12265.0,1.5,2.13,98.1,5.04,nan,1.98,0.22,-5.5,,,26.492295420383137,,137.688,18063.529,515.0,3.87,289200.0,0.06,-33.33333333333333,234.747,-0.229930978205432,11787.8,6.037817318244778,,,102.2843,810.0,,,,19.2,2025-11-10T18:55:32.145485,2015-01-01,16.93524
2015-02-01,281000.0,-17.352941176470587,12275.0,1.21,1.66,95.4,5.26,0.0027272727272727097,2.13,0.23,-5.5,,,26.99551369938325,,137.688,18063.529,540.0,3.66,289200.0,0.06,-33.33333333333333,235.342,-0.08703146293520363,11904.7,6.460209438129915,,,105.5884,810.0,,,,20.97,2025-11-10T18:55:52.167174,2015-02-01,16.992326
2015-03-01,317000.0,-7.038123167155426,12286.0,1.37,1.98,93.0,4.46,-0.014545454545454558,1.8,0.24,-5.5,,,26.728605452928488,,137.688,18063.529,480.0,3.8,289200.0,0.06,-33.33333333333333,235.976,-0.022031284423878736,11902.8,6.102583302134019,,,105.5981,810.0,,,,13.34,2025-11-10T18:56:12.132787,2015-03-01,16.940823
2015-04-01,269000.0,-14.057507987220447,12291.0,1.32,1.84,95.9,4.86,0.01200000000000001,1.83,0.24,-5.3,,,26.791371680192334,,137.688,18279.784,502.0,3.69,289100.0,0.12,33.33333333333333,236.222,-0.1040309893939057,11936.7,5.980591489021676,,,107.06,635.0,,,,15.11,2025-11-10T18:56:32.094637,2015-04-01,16.933016
2015-05-01,269000.0,-17.737003058103976,12306.0,1.52,2.11,90.7,4.53,-0.0033333333333333045,1.78,0.27,-5.3,,,26.806111379650837,,137.688,18279.784,502.0,3.68,289100.0,0.13,85.7142857142857,237.001,0.03503321824428638,11964.2,5.619901832691836,,,105.6382,635.0,,,,12.7,2025-11-10T18:56:52.048648,2015-05-01,16.924993
2015-06-01,275000.0,-9.836065573770492,12307.0,1.55,2.17,96.1,4.52,-0.0020000000000000018,1.83,0.26,-5.3,,,26.495895292784848,,137.688,18279.784,480.0,3.87,289100.0,0.12,0.0,237.657,0.17957180975505568,12004.6,5.46262782443688,,,107.2238,635.0,,,,13.97,2025-11-10T18:57:12.028978,2015-06-01,16.949872
2015-07-01,275000.0,-12.698412698412698,12323.0,1.74,2.42,93.1,4.88,0.012999999999999989,1.91,0.27,-7.0,,,26.38113633639969,,137.688,18401.626,506.0,4.02,295800.0,0.13,8.333333333333341,238.034,0.22568611104093567,12048.3,5.3403278688524525,,,107.0101,681.0,,,,16.09,2025-11-10T18:57:31.984774,2015-07-01,16.931217
2015-08-01,270000.0,-10.891089108910892,12318.0,1.53,2.12,91.9,5.36,0.0185714285714286,2.07,0.23,-7.0,,,25.693658417057694,,137.688,18401.626,518.0,3.98,295800.0,0.08,-33.33333333333333,238.033,0.2413037985344812,12093.1,5.509701961331751,,,108.7819,681.0,,,,12.12,2025-11-10T18:57:51.995924,2015-08-01,16.980469
2015-09-01,279000.0,-7.000000000000001,12326.0,1.47,2.14,87.2,5.78,-0.0004999999999999894,2.25,0.3,-7.0,,,24.496752170486435,,137.688,18401.626,456.0,3.84,295800.0,0.14,27.27272727272728,237.498,0.00884296163417366,12154.3,5.663838369788226,,,110.4506,681.0,,,,31.4,2025-11-10T18:58:11.961423,2015-09-01,16.935781
2015-10-01,272000.0,-7.796610169491526,12334.0,1.41,2.05,90.0,6.67,0.05249999999999999,2.41,0.34,7.4,,,25.491441046066747,,137.688,18435.137,482.0,3.85,302500.0,0.13,8.333333333333341,237.733,0.12761656067051227,12205.6,5.433374220410137,,,111.0439,997.0,,,,22.55,2025-11-10T18:58:31.932411,2015-10-01,16.942253
2015-11-01,275000.0,-5.498281786941581,12329.0,1.41,2.08,91.3,5.9,-0.010454545454545433,2.23,0.25,7.4,,,26.22585189097193,,137.688,18435.137,504.0,3.76,302500.0,0.07,-46.15384615384615,238.017,0.4363182169185097,12296.9,5.849896275382408,,,110.2079,997.0,,,,15.07,2025-11-10T18:58:51.904467,2015-11-01,16.944824
2015-12-01,265000.0,-12.541254125412541,12333.0,1.24,1.94,92.6,6.4,0.019000000000000038,2.23,0.21,7.4,2102.63,,25.965424037124176,,137.688,18435.137,546.0,3.95,302500.0,0.13,0.0,237.761,0.638724751536489,12368.2,5.702076745577307,,,112.1134,997.0,,,,14.67,2025-11-10T18:59:11.864543,2015-12-01,16.935044
2016-01-01,276000.0,0.0,12354.0,1.21,2.11,92.0,6.95,nan,2.41,0.45,8.2,2043.94,,24.20616720387848,,146.30700000000002,18525.933,505.0,4.01,299800.0,0.2,53.846153846153854,237.652,1.2375025026943784,12505.5,6.088498277880527,,,113.3429,146.0,,,,18.21,2025-11-10T18:59:31.835727,2016-01-01,16.94286
2016-02-01,282000.0,8.045977011494253,12337.0,1.16,1.62,91.7,7.79,0.020500000000000008,2.8,0.27,8.2,1939.38,,24.00260677728976,,146.30700000000002,18525.933,517.0,3.79,299800.0,0.38,171.4285714285714,237.336,0.8472775790126708,12577.7,5.653229396792863,,,115.3331,146.0,,,,19.98,2025-11-10T18:59:51.809840,2016-02-01,16.942844
2016-03-01,269000.0,-11.80327868852459,12313.0,0.98,1.5,91.0,7.46,-0.05349999999999997,2.77,0.3,8.2,1978.35,,25.372298620187912,,146.30700000000002,18525.933,532.0,3.62,299800.0,0.36,157.1428571428571,238.08,0.8916160965521974,12628.6,6.097724905064364,,,113.9265,146.0,,,,17.7,2025-11-10T19:00:11.767134,2016-03-01,16.931978
2016-04-01,271000.0,-4.577464788732395,12325.0,1.03,1.56,89.0,7.05,0.01095238095238093,2.31,0.4,11.6,2072.78,,25.922337543673883,,146.30700000000002,18711.702,576.0,3.71,306000.0,0.37,184.6153846153846,238.992,1.1726257503534734,12707.6,6.458233850226609,,,110.2977,2994.0,,,,13.1,2025-11-10T19:00:31.737303,2016-04-01,16.943589
2016-05-01,278000.0,3.3457249070631967,12303.0,1.06,1.61,94.7,6.21,-0.037272727272727284,2.07,0.42,11.6,2065.3,,25.694709923449977,,146.30700000000002,18711.702,571.0,3.66,306000.0,0.3,150.0,239.557,1.0784764621246252,12774.6,6.773541064174784,,,108.8274,2994.0,,,,15.7,2025-11-10T19:00:52.216062,2016-05-01,17.450307
2016-06-01,263000.0,-6.405693950177936,12321.0,0.94,1.55,93.5,6.01,-0.017500000000000026,2.07,0.38,11.6,2099.33,,25.84037292767051,,146.30700000000002,18711.702,557.0,3.64,306000.0,0.37,184.6153846153846,240.222,1.0792865347959444,12835.1,6.91818136381054,,,112.462,2994.0,,,,14.2,2025-11-10T19:01:12.171271,2016-06-01,16.929353
2016-07-01,262000.0,-4.029304029304029,12342.0,0.87,1.18,90.0,6.12,0.0066666666666666515,2.12,0.38,8.5,2102.95,,26.694003256096305,,146.30700000000002,18892.639,628.0,3.48,303800.0,0.41,104.99999999999999,240.101,0.868363343051836,12889.3,6.980237875882906,,,111.6509,7003.0,,,,14.77,2025-11-10T19:01:32.161927,2016-07-01,16.962683
2016-08-01,266000.0,-1.1152416356877324,12319.0,0.84,1.22,89.8,5.69,0.01150000000000002,1.97,0.47,8.5,2170.84,,26.948872433723864,,146.30700000000002,18892.639,575.0,3.48,303800.0,0.4,5.263157894736847,240.545,1.0553158595656909,12973.6,7.281011485888647,,,111.9757,7003.0,,,,12.44,2025-11-10T19:01:52.125344,2016-08-01,16.937057
2016-09-01,261000.0,-4.744525547445255,12317.0,0.79,1.24,91.2,5.12,-0.010999999999999987,1.83,0.51,8.5,2170.86,,26.72787334647854,,146.30700000000002,18892.639,558.0,3.46,303800.0,0.4,11.111111111111121,241.176,1.5486446201652213,13033.8,7.236122195437006,,,112.1733,7003.0,,,,13.48,2025-11-10T19:02:12.091358,2016-09-01,16.936419
2016-10-01,245000.0,-9.926470588235293,12316.0,0.83,1.31,87.2,4.97,-0.0061904761904761855,1.85,0.57,1.5,2168.27,,26.5251430850706,,146.30700000000002,19089.379,575.0,3.42,310900.0,0.29,-21.621621621621625,241.741,1.685924966243647,13107.1,7.385953988333224,,,112.2795,5563.0,,,,13.29,2025-11-10T19:02:32.053748,2016-10-01,16.934457
2016-11-01,265000.0,0.3787878787878788,12311.0,1.0,1.48,93.8,5.05,0.01499999999999999,1.8,0.53,1.5,2111.72,,26.85095353105626,,146.30700000000002,19089.379,571.0,3.47,310900.0,0.41,10.810810810810805,242.026,1.6843334719788983,13180.6,7.186364042970185,,,113.9915,5563.0,,,,18.56,2025-11-10T19:02:52.046738,2016-11-01,16.964719
2016-12-01,255000.0,-2.2988505747126435,12324.0,1.31,1.97,98.2,4.62,-0.01749999999999998,1.74,0.47,1.5,2191.08,,27.865098223923525,,146.30700000000002,19089.379,561.0,4.08,310900.0,0.41,10.810810810810805,242.637,2.0507989115119822,13225.8,6.9339111592632605,,,117.6642,5563.0,,,,14.07,2025-11-10T19:03:12.006759,2016-12-01,16.934088
2017-01-01,244000.0,-11.594202898550725,12334.0,1.25,1.94,98.5,4.22,-0.00272727272727275,1.66,0.5,1.4,2238.83,,28.06357374212446,,164.894,19280.084,573.0,4.32,313100.0,0.55,37.50000000000001,243.618,2.510393348257119,13300.3,6.355603534444838,,,118.3466,5075.0,,,,14.04,2025-11-10T19:03:31.976066,2017-01-01,16.940982
2017-02-01,241000.0,-10.408921933085502,12350.0,1.26,1.97,96.3,3.95,-0.004999999999999982,1.61,0.53,1.4,2279.55,,28.655106525184127,,164.894,19280.084,587.0,4.19,313100.0,0.66,65.0,244.006,2.810361681329418,13367.0,6.275392162319019,,,116.3914,5075.0,,,,11.81,2025-11-10T19:03:51.954864,2017-02-01,16.953544
2017-03-01,221000.0,-18.14814814814815,12361.0,1.17,1.83,96.9,3.57,-0.018000000000000016,1.52,0.47,1.4,2395.96,,29.086921742464643,,164.894,19280.084,632.0,4.16,313100.0,0.66,65.0,243.892,2.441196236559133,13428.4,6.333243589946623,,,116.438,5075.0,,,,12.54,2025-11-10T19:04:11.915577,2017-03-01,16.937002
2017-04-01,216000.0,-20.29520295202952,12367.0,1.13,1.64,97.0,3.92,0.0014285714285714192,1.57,0.4,-2.8,2362.72,,28.904245956275155,,164.894,19438.643,598.0,4.14,318200.0,0.82,104.99999999999999,244.193,2.176223471915387,13484.4,6.112877333249388,,,114.7938,3070.0,,,,12.37,2025-11-10T19:04:31.899716,2017-04-01,16.955924
2017-05-01,232000.0,-10.424710424710424,12377.0,1.05,1.5,97.1,3.78,-0.008000000000000007,1.55,0.38,-2.8,2388.33,,29.31334498027143,,164.894,19438.643,635.0,4.03,318200.0,0.91,121.95121951219512,244.004,1.8563431667619825,13536.4,5.963396114164039,,,114.5921,3070.0,,,,10.11,2025-11-10T19:04:51.883619,2017-05-01,16.959917
2017-06-01,253000.0,-5.2434456928838955,12390.0,0.93,1.23,95.0,3.69,-0.0040000000000000036,1.51,0.26,-2.8,2430.06,,29.748503240632747,,164.894,19438.643,619.0,3.94,318200.0,0.91,121.95121951219512,244.163,1.640565809959122,13558.1,5.632990783087004,,,113.3017,3070.0,,,,9.89,2025-11-10T19:05:11.878176,2017-06-01,16.969419
2017-07-01,256000.0,-2.2900763358778624,12390.0,0.93,1.28,93.4,3.77,0.0019047619047619065,1.46,0.29,-3.9,2423.41,,30.00222074401856,,164.894,19692.595,572.0,3.88,320500.0,1.06,92.72727272727272,244.243,1.7251073506565968,13615.1,5.631027286198639,,,111.9896,3620.0,,,,11.18,2025-11-10T19:05:31.845447,2017-07-01,16.940977
2017-08-01,245000.0,-7.196969696969697,12435.0,0.92,1.18,96.8,3.6,-0.010499999999999999,1.39,0.25,-3.9,2476.35,,29.914959397497487,,164.894,19692.595,556.0,3.92,320500.0,1.16,75.75757575757574,245.183,1.9281215572969739,13674.3,5.4009681198741974,,,109.8495,3620.0,,,,10.09,2025-11-10T19:05:51.800697,2017-08-01,16.929998
2017-09-01,247000.0,-6.4393939393939394,12443.0,0.81,1.14,95.1,3.82,-0.008571428571428579,1.47,0.32,-3.9,2476.55,,30.168114410678903,,164.894,19692.595,637.0,3.82,320500.0,1.16,75.75757575757574,246.435,2.1805652303711875,13722.7,5.285488499133035,,,109.0504,3620.0,,,,10.13,2025-11-10T19:06:11.760451,2017-09-01,16.931422
2017-10-01,260000.0,5.263157894736842,12457.0,0.86,1.27,100.7,3.56,-0.016363636363636358,1.37,0.29,-8.5,2519.36,,30.92039329033384,,164.894,20037.088,626.0,3.83,337900.0,1.06,16.483516483516485,246.626,2.020757753132481,13782.0,5.14911765379069,,,110.0867,12067.0,,,,9.51,2025-11-10T19:06:31.717095,2017-10-01,16.9295
2017-11-01,241000.0,-5.859375,12472.0,0.76,1.19,98.5,3.48,-0.0040000000000000036,1.31,0.22,-8.5,2579.36,,31.298913333880268,,164.894,20037.088,711.0,3.94,337900.0,1.16,27.472527472527457,247.284,2.172493864295564,13814.6,4.8100996919715335,,,111.7942,12067.0,,,,10.2,2025-11-10T19:06:51.687838,2017-11-01,16.943887
2017-12-01,243000.0,-1.2195121951219512,12501.0,0.59,1.1,95.9,3.63,-0.0061904761904761855,1.33,0.24,-8.5,2642.22,,32.086132007706,,164.894,20037.088,630.0,3.9,337900.0,1.16,27.472527472527457,247.805,2.1299307195522554,13873.5,4.89724629133966,,,110.1413,12067.0,,,,11.43,2025-11-10T19:07:11.678708,2017-12-01,16.960871
2018-01-01,248000.0,-3.501945525291829,12527.0,0.51,1.01,95.7,3.63,nan,1.28,0.32,-10.0,2673.61,,33.30734382803066,,148.273,20328.553,590.0,3.99,331800.0,1.33,14.65517241379312,248.859,2.151318868063942,13882.9,4.380352322879938,,,110.0783,5011.0,,,,11.04,2025-11-10T19:07:31.649906,2018-01-01,16.943925
2018-02-01,228000.0,-8.799999999999999,12551.0,0.62,1.3,99.7,3.29,-0.0040000000000000036,1.16,0.33,-10.0,2821.98,,32.03538233925029,,148.273,20328.553,618.0,4.22,331800.0,1.42,22.413793103448278,249.529,2.263468931091857,13919.0,4.129572828607765,,,106.4877,5011.0,,,,13.47,2025-11-10T19:07:51.614103,2018-02-01,16.939609
2018-03-01,216000.0,-8.860759493670885,12576.0,0.59,1.18,101.4,3.59,-0.0115,1.31,0.42,-10.0,2677.67,,31.80840905764312,,148.273,20328.553,679.0,4.43,331800.0,1.42,22.413793103448278,249.577,2.3309497646499278,13975.8,4.076435018319381,,,108.5357,5011.0,,,,22.47,2025-11-10T19:08:11.577154,2018-03-01,16.937501
2018-04-01,232000.0,-1.694915254237288,12595.0,0.47,1.01,98.8,3.72,0.008636363636363654,1.45,0.61,-11.3,2640.87,,30.97017929332522,,148.273,20580.912,642.0,4.44,315600.0,1.67,43.96551724137932,250.227,2.4709963021052985,13993.7,3.7769570763252434,,,107.4783,1091.0,,,,19.97,2025-11-10T19:08:32.130859,2018-04-01,17.528403
2018-05-01,209000.0,-12.184873949579831,12623.0,0.47,1.12,98.0,3.47,-0.0014999999999999903,1.44,0.53,-11.3,2654.8,,31.243615074864607,,148.273,20580.912,662.0,4.58,315600.0,1.7,46.55172413793104,250.792,2.781921607842499,14049.4,3.78978162583848,,,109.7437,1091.0,,,,15.49,2025-11-10T19:08:52.731831,2018-05-01,17.5731
2018-06-01,222000.0,-5.932203389830509,12656.0,0.42,0.97,98.2,3.55,0.007142857142857138,1.53,0.44,-11.3,2734.62,,31.6305564964546,,148.273,20580.912,636.0,4.56,315600.0,1.7,46.55172413793104,251.018,2.807550693594029,14109.7,4.0684166660520305,,,111.8253,1091.0,,,,13.46,2025-11-10T19:09:13.273851,2018-06-01,17.517234
2018-07-01,228000.0,-7.6923076923076925,12676.0,0.33,0.92,97.9,3.71,0.01181818181818181,1.63,0.45,-15.9,2718.37,,31.886366962158977,,148.273,20798.73,628.0,4.55,330900.0,1.91,34.50704225352113,251.214,2.8541247855619214,14143.9,3.883922997260389,,,113.2583,74.0,,,,16.09,2025-11-10T19:09:33.290016,2018-07-01,16.990509
2018-08-01,207000.0,-16.867469879518072,12688.0,0.33,0.97,96.2,3.43,-0.008999999999999985,1.46,0.36,-15.9,2813.36,,32.39027688030112,,148.273,20798.73,593.0,4.54,330900.0,1.91,34.50704225352113,251.663,2.6429238568742606,14193.6,3.7976349794870754,,,112.8897,74.0,,,,13.15,2025-11-10T19:09:53.264322,2018-08-01,16.948252
2018-09-01,201000.0,-18.62348178137652,12710.0,0.24,0.75,100.1,3.49,-0.00047619047619046605,1.53,0.25,-15.9,2901.52,,32.622891120500185,,148.273,20798.73,595.0,4.52,330900.0,1.91,34.50704225352113,252.182,2.3320551058088284,14229.1,3.6902358865237863,,,114.275,74.0,,,,12.86,2025-11-10T19:10:13.240558,2018-09-01,16.950325
2018-10-01,210000.0,-20.454545454545457,12731.0,0.27,0.86,98.6,3.22,-0.008999999999999985,1.43,0.21,-15.9,2924.59,,31.0379610780065,,148.273,20917.867,554.0,4.72,322800.0,2.18,28.9940828402367,252.772,2.4920324702180574,14241.1,3.331156581047746,,,113.8227,4207.0,,,,12.0,2025-11-10T19:10:33.217644,2018-10-01,16.952253
2018-11-01,216000.0,-10.37344398340249,12741.0,0.3,0.82,97.5,3.81,0.013500000000000002,1.6,0.31,-15.9,2740.37,,30.195583406705246,,148.273,20917.867,625.0,4.83,322800.0,2.2,29.411764705882366,252.594,2.1473285776677837,14260.5,3.2277445601030768,,,115.8643,4207.0,,,,19.34,2025-11-10T19:10:53.214572,2018-11-01,16.968718
2018-12-01,232000.0,-4.526748971193416,12761.0,0.21,0.64,98.3,4.29,0.027619047619047623,1.84,0.42,-15.9,2760.17,,28.291857012072875,,148.273,20917.867,546.0,4.81,322800.0,2.2,29.411764705882366,252.767,2.0023809043401015,14382.3,3.6674235052438044,,,116.4121,4207.0,,,,18.07,2025-11-10T19:11:13.193112,2018-12-01,16.951624
2019-01-01,238000.0,-5.179282868525896,12790.0,0.21,0.24,91.2,5.33,nan,2.02,0.41,2.8,2506.85,,28.38016446354758,,158.572,21111.6,595.0,4.55,313000.0,2.4,25.654450261780106,252.561,1.4875893578291313,14445.7,4.053908045149076,,,115.5667,1365.0,,,,25.42,2025-11-10T19:11:33.167611,2019-01-01,16.946843
2019-02-01,234000.0,1.2987012987012987,12782.0,0.18,0.3,93.8,4.29,-0.012380952380952371,1.76,0.38,2.8,2706.53,,29.541548965131213,,158.572,21111.6,648.0,4.46,313000.0,2.4,25.654450261780106,253.319,1.518861535132186,14480.8,4.036209497808745,,,113.7524,1365.0,,,,16.14,2025-11-10T19:11:53.128497,2019-02-01,16.935207
2019-03-01,221000.0,0.91324200913242,12788.0,0.21,0.32,98.4,3.86,-0.021904761904761923,1.66,0.21,2.8,2803.69,,29.576196014784816,,158.572,21111.6,718.0,4.35,313000.0,2.4,25.654450261780106,254.277,1.883186351306406,14525.9,3.9360895261809725,,,114.535,1365.0,,,,13.57,2025-11-10T19:12:13.120523,2019-03-01,16.965132
2019-04-01,203000.0,-8.144796380090497,12785.0,0.16,0.06,97.2,3.94,-0.007000000000000006,1.62,0.22,-4.2,2867.19,,30.13351717138751,,158.572,21397.938,702.0,4.06,322500.0,2.41,10.550458715596328,255.233,2.0005834702090506,14554.2,4.005373846802489,,,114.935,17.0,,,,13.4,2025-11-10T19:12:33.082769,2019-04-01,16.936388
2019-05-01,224000.0,8.212560386473431,12778.0,0.21,0.09,100.0,3.71,-0.0040000000000000036,1.5,0.2,-4.2,2923.73,,29.242030936939845,,158.572,21397.938,618.0,4.2,322500.0,2.45,11.87214611872147,255.296,1.795910555360614,14652.0,4.289151138126898,,,115.0008,17.0,,,,14.8,2025-11-10T19:12:53.057530,2019-05-01,16.949464
2019-06-01,223000.0,0.45045045045045046,12787.0,0.19,-0.21,98.2,4.59,0.027619047619047623,1.71,0.2,-4.2,2752.06,,29.283796275306265,,158.572,21397.938,729.0,3.99,322500.0,2.4,9.589041095890408,255.213,1.671194894390041,14771.0,4.6868466374196425,,,116.7279,17.0,,,,18.71,2025-11-10T19:13:13.028407,2019-06-01,16.945988
2019-07-01,226000.0,1.8018018018018018,12790.0,0.25,-0.18,98.4,3.99,-0.010499999999999999,1.55,0.17,-2.8,2964.33,,29.98668533504252,,158.572,21717.171,648.0,3.73,318400.0,2.39,-0.4166666666666578,255.802,1.8263313350370576,14853.1,5.014175722396232,,,114.7247,973.0,,,,14.06,2025-11-10T19:13:33.006095,2019-07-01,16.94873
2019-08-01,206000.0,-1.9047619047619049,12789.0,0.17,-0.17,89.8,4.1,0.0040000000000000036,1.51,0.26,-2.8,2953.56,,28.705397371833072,,158.572,21717.171,712.0,3.75,318400.0,2.14,-10.833333333333325,256.036,1.7376412106666417,14934.3,5.218549205275609,,,116.0509,973.0,,,,17.87,2025-11-10T19:13:52.969328,2019-08-01,16.937342
2019-09-01,215000.0,1.8957345971563981,12787.0,0.0,-0.49,93.2,4.13,-0.008181818181818169,1.62,0.19,-2.8,2926.46,,29.22952023303527,,158.572,21717.171,712.0,3.58,318400.0,2.13,-11.250000000000002,256.43,1.6844977040391538,15031.0,5.635634017611793,,,118.16,973.0,,,,18.98,2025-11-10T19:14:12.929504,2019-09-01,16.932476
2019-10-01,215000.0,4.878048780487805,12733.0,0.09,-0.17,95.5,4.08,0.008000000000000007,1.56,0.31,5.4,2940.25,,28.841122881953403,,158.572,21933.217,722.0,3.64,327100.0,1.88,-21.991701244813285,257.155,1.7339736996186215,15166.9,6.500902317938919,,,117.9621,3728.0,,,,18.56,2025-11-10T19:14:32.893701,2019-10-01,16.932437
2019-11-01,215000.0,-0.9216589861751152,12777.0,0.17,0.21,96.8,4.09,-0.00047619047619046605,1.48,0.4,5.4,3066.91,,29.836867659083424,,158.572,21933.217,713.0,3.78,327100.0,1.57,-34.58333333333333,257.879,2.092290394862913,15276.4,7.123873636969249,,,115.7324,3728.0,,,,12.3,2025-11-10T19:14:52.901569,2019-11-01,16.980931
2019-12-01,231000.0,-2.5316455696202533,12760.0,0.17,0.19,99.3,4.02,0.0009090909090908897,1.44,0.35,5.4,3140.98,,30.331822322243287,,158.572,21933.217,700.0,3.68,327100.0,1.56,-34.45378151260503,258.63,2.3195274699624555,15347.6,6.711722047238627,,,117.1218,3728.0,,,,12.62,2025-11-10T19:15:12.932177,2019-12-01,17.002679
2020-01-01,231000.0,1.3157894736842104,12745.0,0.34,0.37,99.8,3.6,nan,1.3,0.37,0.0,3230.78,,30.985220300230694,,194.889,21751.238,689.0,3.74,329000.0,1.55,-35.950413223140494,259.127,2.599767976845199,15416.3,6.718954429345747,,,114.6697,357674.0,,,,13.78,2025-11-10T19:15:32.911236,2020-01-01,16.94302
2020-02-01,207000.0,-11.538461538461538,12743.0,0.18,-0.04,101.0,4.03,0.0261904761904762,1.39,0.23,0.0,3225.52,,30.729689264735743,,194.889,21751.238,707.0,3.51,329000.0,1.59,-25.352112676056333,259.25,2.3413166797595175,15466.6,6.8076349372962905,,,115.7342,357674.0,,,,18.84,2025-11-10T19:15:52.880560,2020-02-01,16.942127
2020-03-01,215000.0,-2.7149321266968327,12684.0,0.27,-0.14,89.1,5.06,0.059545454545454526,1.64,0.21,0.0,2954.22,,24.817168629099413,,194.889,21751.238,626.0,3.45,329000.0,1.58,-25.82159624413145,258.076,1.494039964290925,15993.4,10.102644242353314,,,117.6573,357674.0,,,,40.11,2025-11-10T19:16:12.912320,2020-03-01,17.003585
2020-04-01,5946000.0,2731.428571428571,11382.0,0.39,0.53,71.8,9.11,0.08449999999999998,3.98,1.35,41.5,2470.5,,25.92735882528016,,194.889,19958.291,576.0,3.5,317100.0,0.06,-96.7032967032967,256.032,0.3130472940411225,17005.4,16.841873823363706,,,123.8033,226884.0,,,,57.06,2025-11-10T19:16:32.917612,2020-04-01,16.979013
2020-05-01,3446000.0,1452.2522522522524,11610.0,0.44,0.52,72.3,7.7,nan,2.83,0.42,41.5,2830.71,,27.328480997698456,,194.889,19958.291,707.0,3.23,317100.0,0.05,-96.81528662420382,255.802,0.19820130358485843,17852.9,21.846164346164358,,,123.1615,226884.0,,,,37.19,2025-11-10T19:16:52.899951,2020-05-01,16.951828
2020-06-01,1639000.0,638.2882882882883,11950.0,0.52,0.52,78.1,6.43,-0.04950000000000001,2.41,0.2,41.5,3055.73,,28.838315955122845,,194.889,19958.291,901.0,3.15,317100.0,0.05,-96.77419354838709,257.042,0.7166562831830586,18140.6,22.812267280482015,,,120.2753,226884.0,,,,28.23,2025-11-10T19:17:13.098350,2020-06-01,17.171443
2020-07-01,1446000.0,517.948717948718,11973.0,0.52,0.55,72.5,6.33,-0.0035000000000000144,2.04,0.16,71.2,3115.86,,29.599194927666996,,194.889,21704.437,981.0,3.13,327900.0,0.08,-94.83870967741936,258.352,0.9968647625898089,18297.7,23.19111835239782,,,120.0902,23895.0,,,,28.62,2025-11-10T19:17:33.051713,2020-07-01,16.927265
2020-08-01,1044000.0,406.7961165048544,11999.0,0.44,0.46,74.1,5.16,-0.04666666666666665,1.85,0.16,71.2,3271.12,,31.15820896535522,,194.889,21704.437,1016.0,2.99,327900.0,0.1,-93.71069182389937,259.316,1.281069849552396,18364.1,22.965924080807266,,,117.2208,23895.0,,,,24.46,2025-11-10T19:17:53.024524,2020-08-01,16.944423
2020-09-01,881000.0,313.61502347417843,12057.0,0.55,0.56,80.4,4.97,-0.0064999999999999945,1.75,0.13,71.2,3526.65,,30.83942604381124,,194.889,21704.437,979.0,2.91,327900.0,0.09,-91.74311926605505,259.997,1.3910228912373777,18596.4,23.720311356529848,,,115.5814,23895.0,,,,26.12,2025-11-10T19:18:13.026327,2020-09-01,16.973667
2020-10-01,795000.0,276.77725118483414,12086.0,0.54,0.59,81.8,5.36,0.007500000000000018,1.83,0.14,37.7,3380.8,,31.28369403259284,,194.889,22087.16,1031.0,2.88,338600.0,0.09,79.99999999999999,260.319,1.2303863428671598,18751.1,23.63172434709795,,,116.7339,17883.0,,,,26.7,2025-11-10T19:18:33.003576,2020-10-01,16.951286
2020-11-01,773000.0,259.5348837209302,12118.0,0.74,0.79,76.9,5.32,0.0181818181818182,1.71,0.13,37.7,3269.96,,32.47320409661256,,194.889,22087.16,877.0,2.81,338600.0,0.09,79.99999999999999,260.911,1.1757452138405928,18978.9,24.236731167028893,,,116.1417,17883.0,,,,38.02,2025-11-10T19:18:52.974224,2020-11-01,16.944457
2020-12-01,737000.0,233.48416289592762,12153.0,0.75,0.83,80.7,4.21,-0.008000000000000007,1.39,0.14,37.7,3662.45,,33.7655914181171,,194.889,22087.16,874.0,2.72,338600.0,0.09,50.0,262.045,1.3204191315779377,19133.0,24.664442649013523,,,112.8122,17883.0,,,,20.77,2025-11-10T19:19:12.954520,2020-12-01,16.948677
2021-01-01,773000.0,236.08695652173913,12145.0,0.8,0.84,79.0,3.86,nan,1.3,0.15,5.5,3756.07,,34.5124322941069,,194.889,22680.693,898.0,2.67,355000.0,0.09,0.0,262.639,1.355319978234611,19359.5,25.578121858033388,,,111.324,2510.0,,,,22.75,2025-11-10T19:19:32.905496,2021-01-01,16.925278
2021-02-01,803000.0,282.3809523809524,12179.0,0.98,1.02,76.8,3.83,-0.0010000000000000009,1.29,0.13,5.5,3773.86,,35.103907171969816,,194.889,22680.693,778.0,2.73,355000.0,0.08,-20.000000000000004,263.573,1.6675024108003775,19596.5,26.702054750235988,,,112.4282,2510.0,,,,30.24,2025-11-10T19:19:53.564836,2021-02-01,17.63074
2021-03-01,704000.0,222.9357798165138,12232.0,1.32,1.4,84.9,3.54,0.0015000000000000124,1.2,0.13,5.5,3901.82,,35.04254511219207,,194.889,22680.693,871.0,2.97,355000.0,0.07,-22.222222222222214,264.847,2.623645747764208,19823.2,23.946127777708313,,,112.538,2510.0,,,,23.35,2025-11-10T19:20:13.566901,2021-03-01,16.975913
2021-04-01,658000.0,-77.41935483870968,12191.0,1.52,1.67,88.3,3.33,-0.010999999999999987,1.18,0.18,-15.1,4019.87,,36.719814109133,,,23425.91,828.0,3.18,367800.0,0.07,-22.222222222222214,266.625,4.137373453318342,20161.5,18.5593987792113,,,113.7504,568.0,,,,17.33,2025-11-10T19:20:33.568042,2021-04-01,16.975968
2021-05-01,517000.0,-84.99709808473592,12219.0,1.49,1.64,82.9,3.28,0.0019047619047618852,1.17,0.17,-15.1,4181.17,,36.55213398979905,,,23425.91,725.0,2.98,367800.0,0.05,-44.44444444444444,268.404,4.926466563983083,20430.5,14.437990466534838,,,112.0959,568.0,,,,18.61,2025-11-10T19:20:53.542924,2021-05-01,16.945522
2021-06-01,427000.0,-77.77199375325351,12249.0,1.46,1.6,85.5,3.33,-0.0004999999999999894,1.13,0.11,-15.1,4202.04,,36.696258013088354,,,23425.91,695.0,2.95,367800.0,0.06,-33.33333333333333,270.71,5.317418943207728,20472.9,12.856796357342112,,,110.5179,568.0,,,,17.9,2025-11-10T19:21:13.520361,2021-06-01,16.948219
2021-07-01,369000.0,-74.84662576687117,12303.0,1.23,1.43,81.2,3.02,-0.009499999999999998,1.08,0.09,-32.4,4319.94,,37.443383184615385,,,23982.379,726.0,2.98,395200.0,0.1,11.111111111111121,271.965,5.269167647240973,20628.1,12.736026932346675,,,112.7484,328.0,,,,15.48,2025-11-10T19:21:33.485468,2021-07-01,16.938891
2021-08-01,380000.0,-69.84126984126983,12349.0,1.05,1.18,70.3,3.32,0.011363636363636364,1.13,0.06,-32.4,4395.26,,37.97350061407048,,,23982.379,686.0,2.8,395200.0,0.07,-12.499999999999993,272.752,5.1813231732712355,20811.0,13.324366563022426,,,112.6808,328.0,,,,18.24,2025-11-10T19:21:53.458991,2021-08-01,16.940636
2021-09-01,353000.0,-59.70319634703196,12391.0,1.11,1.26,72.8,3.19,-0.007499999999999995,1.14,0.07,-32.4,4524.09,,37.62034668665119,,,23982.379,728.0,2.87,395200.0,0.08,14.285714285714276,273.942,5.363523425270288,20979.1,12.812694930201527,,,112.8832,328.0,,,,16.11,2025-11-10T19:22:13.435267,2021-09-01,16.945689
2021-10-01,374000.0,-56.461001164144356,12454.0,1.21,1.44,71.7,3.2,0.0042857142857143,1.1,0.09,-18.2,4357.04,,37.2530250003253,,,24813.6,684.0,3.01,414000.0,0.08,14.285714285714276,276.528,6.2265912207714385,21142.1,12.751251926553644,,,114.3899,3340.0,,,,21.15,2025-11-10T19:22:33.404868,2021-10-01,16.944115
2021-11-01,262000.0,-66.23711340206185,12498.0,1.08,1.53,67.4,3.16,-0.005999999999999983,1.12,0.09,-18.2,4613.67,,38.5826274977192,,,24813.6,789.0,3.14,414000.0,0.08,33.33333333333334,278.824,6.8655595202961965,21316.6,12.31736296624144,,,114.2231,3340.0,,,,16.41,2025-11-10T19:22:53.412720,2021-11-01,16.973636
2021-12-01,222000.0,-72.00504413619167,12532.0,0.87,1.37,70.6,3.58,0.026000000000000002,1.27,0.11,-18.2,4513.04,,38.30484987346744,,,24813.6,825.0,3.1,414000.0,0.08,33.33333333333334,280.806,7.159457345112467,21471.0,12.219725082318506,,,115.9026,3340.0,,,,31.12,2025-11-10T19:23:13.480059,2021-12-01,17.037198
2022-01-01,227000.0,-70.63389391979301,12560.0,0.79,1.46,67.2,3.1,-0.009047619047619046,1.21,0.15,-14.5,4766.18,,36.93675807029744,,,25250.347,807.0,3.11,413500.0,0.07,-30.0,282.542,7.578082463000531,21587.3,11.50752860352798,,,115.2969,366.0,,,,17.22,2025-11-10T19:23:33.448878,2022-01-01,16.934024
2022-02-01,231000.0,-71.08886107634544,12608.0,0.63,1.62,62.8,3.51,0.022499999999999985,1.33,0.09,-14.5,4546.54,,35.28714922569486,,,25250.347,788.0,3.55,413500.0,0.08,-20.000000000000004,284.525,7.949220898953991,21684.9,10.657005077437304,,,115.3775,366.0,,,,21.96,2025-11-10T19:23:53.421812,2022-02-01,16.932909
2022-03-01,209000.0,-70.22792022792022,12676.0,0.41,1.4,59.4,3.89,0.02150000000000001,1.64,0.09,-14.5,4306.26,,34.270798693291724,,,25250.347,720.0,3.89,413500.0,0.08,0.0,287.467,8.540780148538593,21721.3,9.57514427539448,,,115.8062,366.0,,,,33.32,2025-11-10T19:24:13.392210,2022-03-01,16.944455
2022-04-01,214000.0,-65.86921850079744,12725.0,-0.05,1.86,65.2,3.4,-0.030952380952380946,1.47,0.09,-1.5,4545.86,,33.88916475591384,,,25861.292,624.0,4.67,437700.0,0.33,312.5,288.582,8.235161744022502,21749.9,7.878382064826534,,,115.4835,347.0,,,,19.63,2025-11-10T19:24:33.356558,2022-04-01,16.936158
2022-05-01,219000.0,-61.846689895470384,12739.0,0.19,2.04,58.4,3.97,0.0181818181818182,1.71,,-1.5,4131.93,,30.67315507954513,,,25861.292,644.0,5.1,437700.0,0.33,312.5,291.299,8.530051713089216,21690.7,6.16822887349796,,,119.4936,347.0,,,,33.4,2025-11-10T19:24:53.410599,2022-05-01,17.028176
2022-06-01,200000.0,-54.6485260770975,12768.0,0.28,1.79,50.0,4.13,-0.03199999999999999,1.7,,-1.5,4101.23,,29.047721395103835,,,25861.292,549.0,5.1,437700.0,0.83,937.5,295.072,8.9992981419231,21642.8,5.7143834044028825,,,118.6936,347.0,,,,25.69,2025-11-10T19:25:13.376240,2022-06-01,16.940964
2022-07-01,212000.0,-49.763033175355446,12800.0,0.04,1.15,51.5,5.92,0.06714285714285714,2.05,,24.2,3825.33,,29.00461831720893,,,26336.304,519.0,5.7,438000.0,1.58,2157.142857142857,294.94,8.447778206754556,21641.7,4.913685700573501,,,121.5123,300.0,,,,26.7,2025-11-10T19:25:33.484093,2022-07-01,17.082499
2022-08-01,228000.0,-40.0,12826.0,-0.3,0.04,58.2,4.8,-0.03149999999999999,1.91,,24.2,4118.63,,30.69876336517529,,,26336.304,638.0,5.3,438000.0,2.33,2812.5,295.162,8.216255059541258,21606.8,3.8239392628898146,,,121.4218,300.0,,,,22.84,2025-11-10T19:25:53.494962,2022-08-01,16.980815
2022-09-01,210000.0,-41.340782122905026,12848.0,-0.25,0.29,58.6,5.08,0.0415,1.88,,24.2,3966.85,,28.22988465582196,,,26336.304,552.0,5.66,438000.0,2.33,2812.5,296.421,8.205751582451754,21521.0,2.583046937189877,,,124.4045,300.0,,,,25.56,2025-11-10T19:26:13.452593,2022-09-01,16.932359
2022-10-01,204000.0,-45.45454545454545,12883.0,-0.39,0.5,59.9,5.43,0.04095238095238093,2.06,,39.1,3585.62,,27.08076692540069,,,26770.514,579.0,6.7,442600.0,3.08,833.3333333333333,297.979,7.7572614708094525,21424.4,1.3352505191064412,,,127.5159,412.0,,,,31.62,2025-11-10T19:26:33.418141,2022-10-01,16.927756
2022-11-01,202000.0,-24.62686567164179,12896.0,-0.47,-0.16,56.7,4.61,-0.03499999999999996,2.01,,39.1,3856.1,,28.378949016273317,,,26770.514,597.0,7.08,442600.0,3.08,271.0843373493976,298.708,7.131380368978285,21358.1,0.1946839552273815,,,127.4011,412.0,,,,25.81,2025-11-10T19:26:53.389904,2022-11-01,16.946467
2022-12-01,209000.0,-6.278026905829597,12889.0,-0.72,-0.8,59.8,4.48,-0.01649999999999996,1.75,,39.1,4076.57,,28.316901284527283,,,26770.514,621.0,6.49,442600.0,3.83,361.44578313253015,298.808,6.410831677385814,21219.0,-1.1736761212798659,,,122.0147,412.0,,,,19.84,2025-11-10T19:27:13.378172,2022-12-01,16.962511
2023-01-01,204000.0,-5.555555555555555,12897.0,-0.53,-0.54,64.9,4.81,0.015909090909090894,1.72,,44.8,3839.5,,28.334813423755683,,,27216.445,650.0,6.42,429000.0,4.33,174.0506329113924,300.456,6.340296309929159,21205.2,-1.7700221889722132,,,121.4392,588.0,,,,21.67,2025-11-10T19:27:33.329773,2023-01-01,16.926856
2023-02-01,200000.0,-15.966386554621847,12900.0,-0.7,-1.27,66.9,4.31,0.0009999999999999788,1.56,,44.8,4119.21,,28.91976294386663,,,27216.445,636.0,6.13,429000.0,4.33,85.83690987124464,301.476,5.9576487127669004,21184.5,-2.307596530304504,,,118.6396,588.0,,,,17.87,2025-11-10T19:27:53.838610,2023-02-01,17.483685
2023-03-01,209000.0,-7.111111111111111,12890.0,-0.88,-0.89,62.0,4.17,0.006000000000000005,1.59,,44.8,3951.39,,27.95304146907005,,,27216.445,651.0,6.5,429000.0,4.58,96.56652360515021,301.643,4.931348641757137,20876.1,-3.8911114896438095,,,120.6971,588.0,,,,20.58,2025-11-10T19:28:13.811627,2023-03-01,16.947559
2023-04-01,217000.0,1.4018691588785046,12889.0,-0.58,-1.37,63.7,4.58,-0.0014285714285714405,1.77,,46.0,4109.31,,28.76468407710037,,,27530.055,665.0,6.32,418500.0,4.83,56.81818181818181,302.858,4.946947488062322,20729.8,-4.690136506374752,,,119.4611,219.0,,,,18.7,2025-11-10T19:28:33.781645,2023-04-01,16.945036
2023-05-01,214000.0,1.9047619047619049,12874.0,-0.55,-1.68,59.0,4.45,-0.008999999999999985,1.73,,46.0,4167.87,,28.761805827303075,,,27530.055,739.0,6.43,418500.0,4.83,56.81818181818181,303.316,4.125314539356468,20801.1,-4.101296869165136,,,119.5845,219.0,,,,16.08,2025-11-10T19:28:53.749646,2023-05-01,16.942822
2023-06-01,230000.0,9.004739336492891,12877.0,-0.72,-1.89,64.2,4.65,-0.005499999999999972,1.76,,46.0,4221.02,,29.939593027231528,,,27530.055,674.0,6.79,418500.0,5.08,32.637075718015666,304.099,3.0592533347793034,20782.7,-3.974069898534379,,,120.2628,219.0,,,,15.65,2025-11-10T19:29:13.722437,2023-06-01,16.94731
2023-07-01,248000.0,16.9811320754717,12863.0,-1.06,-1.62,71.5,4.05,-0.011428571428571439,1.61,,50.8,4450.38,,30.8909260883331,,,28074.846,702.0,6.71,435400.0,5.08,17.321016166281755,304.615,3.2803282023462437,20772.1,-4.018168628157687,,,119.7118,229.0,,,,13.59,2025-11-10T19:29:33.693846,2023-07-01,16.944685
2023-08-01,238000.0,8.181818181818182,12856.0,-0.87,-1.49,69.4,3.82,-0.006500000000000017,1.47,,50.8,4576.73,,30.469742507138623,,,28074.846,645.0,6.81,435400.0,5.33,16.375545851528383,306.138,3.7186358677607547,20746.9,-3.9797656293389014,,,118.9156,229.0,,,,13.93,2025-11-10T19:29:53.663014,2023-08-01,16.944718
2023-09-01,234000.0,8.837209302325581,12869.0,-0.69,-1.35,67.8,3.81,-0.0009523809523809532,1.51,,50.8,4515.77,,30.810960610791547,,,28074.846,681.0,7.18,435400.0,5.33,16.630196936542664,307.374,3.6950823322234365,20720.4,-3.7200873565354704,,,121.1011,229.0,,,,13.09,2025-11-10T19:30:14.003817,2023-09-01,17.315206
2023-10-01,216000.0,14.285714285714285,12836.0,-0.44,-0.96,63.8,4.03,0.00818181818181819,1.53,,33.9,4288.05,,30.810960610791547,,,28424.722,681.0,7.31,423200.0,5.33,10.351966873706003,307.653,3.246537507676727,20687.3,-3.440469744776993,,,122.6332,1357.0,,,,17.52,2025-11-10T19:30:34.001763,2023-10-01,16.971479
2023-11-01,217000.0,7.960199004975125,12858.0,-0.18,-0.8,61.3,4.47,0.010999999999999987,1.63,,33.9,4237.86,,30.810960610791547,,,28424.722,610.0,7.79,423200.0,5.33,4.921259842519684,308.087,3.139855644977691,20696.7,-3.096717404638043,,,124.0801,1357.0,,,,16.87,2025-11-10T19:30:54.000523,2023-11-01,16.973022
2023-12-01,214000.0,-2.727272727272727,12865.0,-0.34,-1.21,69.7,3.87,-0.007619047619047626,1.39,,33.9,4594.63,,30.810960610791547,,,28424.722,643.0,7.22,423200.0,5.33,4.921259842519684,308.735,3.322200208829757,20701.3,-2.4397945237758645,,,120.2542,1357.0,,,,12.63,2025-11-10T19:31:13.981342,2023-12-01,16.955782
2024-01-01,198000.0,-2.941176470588235,12866.0,-0.35,-1.52,79.0,3.39,nan,1.29,,14.5,4769.83,,30.810960610791547,,,28708.161,681.0,6.61,426800.0,5.33,4.921259842519684,309.794,3.1079425939238905,20773.1,-2.03770773206573,,,118.7686,187.0,,,,12.45,2025-11-10T19:31:34.712939,2024-01-01,17.702264
2024-02-01,225000.0,10.83743842364532,12853.0,-0.33,-1.55,76.9,3.56,0.0,1.28,,14.5,4906.19,,30.810960610791547,,,28708.161,658.0,6.63,426800.0,5.33,0.0,311.022,3.1664212076583187,20861.0,-1.5270598786848877,,,120.6832,187.0,,,,13.88,2025-11-10T19:31:54.742500,2024-02-01,16.999499
2024-03-01,214000.0,-1.3824884792626728,12838.0,-0.35,-1.23,79.4,3.32,-0.0004761904761904872,1.25,,14.5,5137.08,,30.810960610791547,,,28708.161,692.0,6.94,426800.0,5.33,0.0,312.107,3.4690014354717515,20900.8,0.11831711861890262,,,121.3741,187.0,,,,13.11,2025-11-10T19:32:14.795677,2024-03-01,17.026947
2024-04-01,223000.0,-4.700854700854701,12847.0,-0.39,-1.11,77.2,3.12,-0.0040000000000000036,1.16,,15.6,5243.77,,30.810960610791547,,,29147.044,719.0,6.79,414500.0,5.33,0.0,313.016,3.3540471111874264,20928.9,0.9604530675645795,,,121.8884,211.0,,,,13.65,2025-11-10T19:32:34.780607,2024-04-01,16.957467
2024-05-01,209000.0,-0.4761904761904762,12849.0,-0.33,-0.83,69.1,3.21,0.002499999999999991,1.14,,15.6,5018.39,,30.810960610791547,,,29147.044,665.0,7.17,414500.0,5.33,0.0,313.14,3.238866396761138,20989.4,0.905240588238136,,,123.3776,211.0,,,,15.39,2025-11-10T19:32:54.739018,2024-05-01,16.93304
2024-06-01,229000.0,-0.43478260869565216,12839.0,-0.38,-0.95,68.2,3.2,0.003809523809523813,1.1,,15.6,5277.51,,30.810960610791547,,,29147.044,671.0,7.03,414500.0,5.33,0.0,313.131,2.9700853998204475,21052.9,1.3001198111891175,,,122.4845,211.0,,,,12.92,2025-11-10T19:33:14.714654,2024-06-01,16.945875
2024-07-01,238000.0,0.847457627118644,12840.0,-0.29,-0.99,66.4,3.21,0.0010000000000000009,1.16,,7.9,5475.09,,30.810960610791547,,,29511.664,710.0,6.86,415300.0,5.33,0.0,313.566,2.9384633061405263,21084.2,1.502496136644837,,,124.7723,157.0,,,,12.22,2025-11-10T19:33:34.686866,2024-07-01,16.947074
2024-08-01,248000.0,7.35930735930736,12800.0,-0.17,-1.38,67.9,3.35,0.008000000000000007,1.23,,7.9,5446.68,,30.810960610791547,,,29511.664,693.0,6.73,415300.0,5.33,0.0,314.131,2.610914032233828,21171.1,2.0446428141071538,,,124.1551,157.0,,,,18.59,2025-11-10T19:33:54.872055,2024-08-01,17.155276
2024-09-01,228000.0,-2.564102564102564,12800.0,0.0,-1.3,70.1,3.17,-0.014545454545454558,1.19,,7.9,5648.4,,30.810960610791547,,,29511.664,717.0,6.35,415300.0,5.33,0.0,314.851,2.4325414641446494,21257.5,2.592131426034239,,,122.5582,157.0,,,,15.0,2025-11-10T19:34:14.977710,2024-09-01,17.077897
2024-10-01,227000.0,5.5813953488372094,12750.0,0.13,-0.97,70.5,3.07,-0.018500000000000006,1.16,,0.0,5708.75,,30.810960610791547,,,29825.182,621.0,6.08,419300.0,4.83,-9.380863039399625,315.564,2.5714034967967163,21308.1,3.000874932929862,,,121.9152,1120.0,,,,19.26,2025-11-10T19:34:35.007394,2024-10-01,17.003967
2024-11-01,218000.0,1.8691588785046727,12770.0,0.16,-0.24,71.8,2.83,-0.007142857142857138,1.07,,0.0,5728.8,,30.810960610791547,,,29825.182,675.0,6.72,419300.0,4.83,-9.380863039399625,316.449,2.7141684004842865,21407.9,3.436296607671758,,,125.0403,1120.0,,,,21.88,2025-11-10T19:34:55.053968,2024-11-01,17.021479
2024-12-01,225000.0,5.14018691588785,12760.0,0.05,-0.4,74.0,2.74,0.005000000000000015,1.03,,0.0,6032.38,,30.810960610791547,,,29825.182,718.0,6.81,419300.0,4.58,-14.071294559099437,317.603,2.87236626880658,21424.5,3.4935004081869288,,,126.8114,1120.0,,,,13.51,2025-11-10T19:35:16.468162,2024-12-01,18.386305
2025-11-17,218000.0,237500.0,-1.8018018018018018,12722.0,12734.0,0.52,0.19,55.1,4.3,3.07,0.009047619047619046,1.06,0.09,6.5,6734.11,,30.810960610791547,6734.11,30485.729,800.0,6.24,410800.0,3.88,-10.392609699769057,324.368,3.0226996261723786,22212.5,4.492532047512643,6580462.0,,19.83,121.7835,37.0,,,,19.83
