date,recession_unemployment_claims,recession_unemployment_claims_velocity_yoy,recession_ism_pmi,recession_yield_curve_10y2y,recession_yield_curve_10y3m,recession_consumer_sentiment,credit_hy_spread,credit_hy_spread_velocity_20d,credit_ig_spread_bbb,credit_ted_spread,credit_bank_lending_standards,valuation_sp500_price,valuation_sp500_forward_pe,valuation_shiller_cape,valuation_shiller_trailing_earnings,valuation_sp500_market_cap,valuation_gdp,valuation_new_home_sales,valuation_mortgage_rate_30y,valuation_median_home_price,liquidity_fed_funds_rate,liquidity_fed_funds_velocity_6m,liquidity_cpi_inflation,liquidity_cpi_inflation_yoy,liquidity_m2_money_supply,liquidity_m2_velocity_yoy,liquidity_vix,liquidity_margin_debt,liquidity_dollar_index,liquidity_fed_swap_lines,positioning_sp500_net_speculative,positioning_treasury_net_speculative,positioning_vix_net_speculative,positioning_vix_proxy,metadata_fetch_timestamp,metadata_as_of_date,metadata_fetch_duration_seconds
2025-11-17,218000.0,237500.0,-1.8018018018018016,12722.0,12734.0,0.52,0.19,55.1,4.3,3.07,0.009047619047619,1.06,0.09,6.5,6734.11,,30.810960610791547,6734.11,30485.729,800.0,6.24,410800.0,3.88,-10.392609699769055,324.368,3.022699626172378,22212.5,4.492532047512643,6580462.0,,19.83,121.7835,37.0,,,,19.83
2025-11-18,218000.0,237500.0,-1.8018018018018016,12722.0,12734.0,0.53,0.16,55.1,4.3,3.13,0.0155,1.06,0.09,6.5,6734.11,,30.810960610791547,6734.11,30485.729,800.0,6.24,410800.0,3.88,-10.392609699769055,324.368,3.022699626172378,22212.5,4.492532047512643,6580462.0,,22.38,121.363,37.0,,,,22.38
2025-11-19,218000.0,-1.8018018018018016,12722.0,0.54,0.18,55.1,3.2,0.022,1.07,0.09,6.5,6617.32,,30.810960610791547,,,30485.729,800.0,6.24,410800.0,3.88,-10.392609699769055,324.368,3.022699626172378,22212.5,4.492532047512643,24.69,,121.363,37.0,,,,24.69,2025-11-19T18:04:28.188269,2025-11-19,16.851846
2025-11-19,218000.0,-1.8018018018018016,12722.0,0.54,0.18,55.1,3.2,0.022,1.07,0.09,6.5,6617.32,,30.810960610791547,,,30485.729,800.0,6.24,410800.0,3.88,-10.392609699769055,324.368,3.022699626172378,22212.5,4.492532047512643,24.69,,121.363,37.0,,,,24.69,2025-11-19T18:25:44.870135,2025-11-19,16.529204
2025-11-20,220000.0,0.45662100456621,12706.0,0.55,0.18,55.1,3.17,0.015999999999999993,1.07,0.09,6.5,6642.16,,30.810960610791547,,,30485.729,800.0,6.26,410800.0,3.88,-10.392609699769057,324.368,3.0226996261723786,22212.5,4.492532047512643,23.66,,121.363,37.0,,,,23.66,2025-11-20T18:26:14.202834,2025-11-20,15.058359
2025-11-21,220000.0,0.45662100456621,12706.0,0.55,0.16,53.6,3.17,0.0115,1.08,0.09,6.5,6538.76,,30.810960610791547,,,30485.729,800.0,6.26,410800.0,3.88,-10.392609699769057,324.368,3.0226996261723786,22212.5,4.492532047512643,26.42,,121.363,37.0,,,,26.42,2025-11-21T18:23:26.000679,2025-11-21,14.776943
2025-11-22,220000.0,0.45662100456621,12706.0,0.55,0.16,53.6,3.17,0.0115,1.08,0.09,6.5,6602.99,,30.810960610791547,,,30485.729,800.0,6.26,410800.0,3.88,-10.392609699769057,324.368,3.0226996261723786,22212.5,4.492532047512643,26.42,,121.363,37.0,,,,26.42,2025-11-22T18:22:40.104370,2025-11-22,16.327955
2025-11-23,220000.0,0.45662100456621,12706.0,0.55,0.16,53.6,3.17,0.0115,1.08,0.09,6.5,6602.99,,30.810960610791547,,,30485.729,800.0,6.26,410800.0,3.88,-10.392609699769057,324.368,3.0226996261723786,22212.5,4.492532047512643,26.42,,121.363,37.0,,,,26.42,2025-11-23T18:23:03.478993,2025-11-23,14.738727
2025-11-24,220000.0,0.45662100456621,12706.0,0.55,0.16,53.6,3.17,0.0115,1.08,0.09,6.5,6602.99,,30.810960610791547,,,30485.729,800.0,6.26,410800.0,3.88,-10.392609699769057,324.368,3.0226996261723786,22212.5,4.492532047512643,23.43,,121.363,37.0,,,,23.43,2025-11-24T18:26:55.485094,2025-11-24,16.23282
