Date,PutCallRatio
2006-11-01,0.64
2006-11-02,0.61
2006-11-03,0.64
2006-11-06,0.55
2006-11-07,0.57
2006-11-08,0.68
2006-11-09,0.61
2006-11-10,0.79
2006-11-13,0.59
2006-11-14,0.58
2006-11-15,0.52
2006-11-16,0.53
2006-11-17,0.47
2006-11-20,0.54
2006-11-21,0.62
2006-11-22,0.63
2006-11-24,0.52
2006-11-27,0.68
2006-11-28,0.65
2006-11-29,0.53
2006-11-30,0.58
2006-12-01,0.59
2006-12-04,0.64
2006-12-05,0.57
2006-12-06,0.54
2006-12-07,0.69
2006-12-08,0.55
2006-12-11,0.57
2006-12-12,0.7
2006-12-13,0.57
2006-12-14,0.45
2006-12-15,0.5
2006-12-18,0.59
2006-12-19,0.67
2006-12-20,0.54
2006-12-21,0.45
2006-12-22,0.66
2006-12-26,0.62
2006-12-27,0.68
2006-12-28,0.73
2006-12-29,0.54
2007-01-03,0.59
2007-01-04,0.51
2007-01-05,0.59
2007-01-08,0.71
2007-01-09,0.67
2007-01-10,0.58
2007-01-11,0.54
2007-01-12,0.56
2007-01-16,0.56
2007-01-17,0.55
2007-01-18,0.6
2007-01-19,0.55
2007-01-22,0.62
2007-01-23,0.65
2007-01-24,0.58
2007-01-25,0.71
2007-01-26,0.66
2007-01-29,0.6
2007-01-30,0.68
2007-01-31,0.56
2007-02-01,0.57
2007-02-02,0.7
2007-02-05,0.57
2007-02-06,0.55
2007-02-07,0.65
2007-02-08,0.57
2007-02-09,0.68
2007-02-12,0.78
2007-02-13,0.74
2007-02-14,0.67
2007-02-15,0.54
2007-02-16,0.55
2007-02-20,0.65
2007-02-21,0.71
2007-02-22,0.66
2007-02-23,0.73
2007-02-26,0.75
2007-02-27,0.87
2007-02-28,0.73
2007-03-01,0.8
2007-03-02,0.8
2007-03-05,0.96
2007-03-06,0.77
2007-03-07,0.7
2007-03-08,0.77
2007-03-09,0.82
2007-03-12,0.75
2007-03-13,0.98
2007-03-14,0.89
2007-03-15,0.79
2007-03-16,0.84
2007-03-19,0.61
2007-03-20,0.73
2007-03-21,0.66
2007-03-22,0.61
2007-03-23,0.65
2007-03-26,0.69
2007-03-27,0.62
2007-03-28,0.89
2007-03-29,0.76
2007-03-30,0.67
2007-04-02,0.63
2007-04-03,0.66
2007-04-04,0.74
2007-04-05,0.55
2007-04-09,0.61
2007-04-10,0.69
2007-04-11,0.69
2007-04-12,0.73
2007-04-13,0.67
2007-04-16,0.56
2007-04-17,0.67
2007-04-18,0.54
2007-04-19,0.62
2007-04-20,0.5
2007-04-23,0.58
2007-04-24,0.73
2007-04-25,0.6
2007-04-26,0.6
2007-04-27,0.58
2007-04-30,0.64
2007-05-01,0.73
2007-05-02,0.56
2007-05-03,0.66
2007-05-04,0.54
2007-05-07,0.45
2007-05-08,0.6
2007-05-09,0.53
2007-05-10,0.68
2007-05-11,0.62
2007-05-14,0.51
2007-05-15,0.63
2007-05-16,0.7
2007-05-17,0.49
2007-05-18,0.51
2007-05-21,0.55
2007-05-22,0.6
2007-05-23,0.67
2007-05-24,0.67
2007-05-25,0.55
2007-05-29,0.58
2007-05-30,0.65
2007-05-31,0.51
2007-06-01,0.5
2007-06-04,0.52
2007-06-05,0.63
2007-06-06,0.62
2007-06-07,0.72
2007-06-08,0.6
2007-06-11,0.71
2007-06-12,0.66
2007-06-13,0.58
2007-06-14,0.53
2007-06-15,0.48
2007-06-18,0.58
2007-06-19,0.62
2007-06-20,0.63
2007-06-21,0.61
2007-06-22,0.62
2007-06-25,0.76
2007-06-26,0.71
2007-06-27,0.65
2007-06-28,0.59
2007-06-29,0.65
2007-07-02,0.54
2007-07-03,0.59
2007-07-05,0.55
2007-07-06,0.53
2007-07-09,0.52
2007-07-10,0.59
2007-07-11,0.57
2007-07-12,0.48
2007-07-13,0.5
2007-07-16,0.54
2007-07-17,0.6
2007-07-18,0.73
2007-07-19,0.54
2007-07-20,0.69
2007-07-23,0.54
2007-07-24,0.79
2007-07-25,0.64
2007-07-26,0.85
2007-07-27,0.77
2007-07-30,0.71
2007-07-31,0.72
2007-08-01,0.87
2007-08-02,0.77
2007-08-03,0.8
2007-08-06,0.84
2007-08-07,0.69
2007-08-08,0.61
2007-08-09,0.65
2007-08-10,0.6
2007-08-13,0.71
2007-08-14,1.06
2007-08-15,1.05
2007-08-16,1.01
2007-08-17,0.74
2007-08-20,0.61
2007-08-21,0.62
2007-08-22,0.62
2007-08-23,0.71
2007-08-24,0.68
2007-08-27,0.68
2007-08-28,0.87
2007-08-29,0.68
2007-08-30,0.65
2007-08-31,0.65
2007-09-04,0.67
2007-09-05,0.72
2007-09-06,0.62
2007-09-07,0.77
2007-09-10,0.78
2007-09-11,0.84
2007-09-12,0.58
2007-09-13,0.61
2007-09-14,0.63
2007-09-17,0.65
2007-09-18,0.69
2007-09-19,0.58
2007-09-20,0.56
2007-09-21,0.53
2007-09-24,0.61
2007-09-25,0.75
2007-09-26,0.6
2007-09-27,0.58
2007-09-28,0.78
2007-10-01,0.57
2007-10-02,0.66
2007-10-03,0.58
2007-10-04,0.5
2007-10-05,0.56
2007-10-08,0.52
2007-10-09,0.61
2007-10-10,0.56
2007-10-11,0.6
2007-10-12,0.56
2007-10-15,0.53
2007-10-16,0.75
2007-10-17,0.67
2007-10-18,0.52
2007-10-19,0.73
2007-10-22,0.66
2007-10-23,0.64
2007-10-24,0.73
2007-10-25,0.76
2007-10-26,0.53
2007-10-29,0.57
2007-10-30,0.84
2007-10-31,0.45
2007-11-01,0.68
2007-11-02,0.7
2007-11-05,0.67
2007-11-06,0.71
2007-11-07,0.67
2007-11-08,0.83
2007-11-09,0.72
2007-11-12,0.59
2007-11-13,0.85
2007-11-14,0.62
2007-11-15,0.8
2007-11-16,0.99
2007-11-19,0.66
2007-11-20,0.79
2007-11-21,0.82
2007-11-23,0.54
2007-11-26,0.7
2007-11-27,0.55
2007-11-28,0.57
2007-11-29,0.59
2007-11-30,0.68
2007-12-03,0.62
2007-12-04,0.87
2007-12-05,0.63
2007-12-06,0.55
2007-12-07,0.6
2007-12-10,0.68
2007-12-11,0.79
2007-12-12,0.68
2007-12-13,0.74
2007-12-14,0.62
2007-12-17,0.64
2007-12-18,0.77
2007-12-19,0.71
2007-12-20,0.42
2007-12-21,0.64
2007-12-24,0.72
2007-12-26,0.66
2007-12-27,0.6
2007-12-28,0.56
2007-12-31,0.67
2008-01-02,0.78
2008-01-03,0.71
2008-01-04,0.61
2008-01-07,0.78
2008-01-08,0.97
2008-01-09,0.75
2008-01-10,0.69
2008-01-11,0.71
2008-01-14,0.7
2008-01-15,1.05
2008-01-16,0.87
2008-01-17,0.99
2008-01-18,0.99
2008-01-22,0.73
2008-01-23,0.75
2008-01-24,0.59
2008-01-25,0.67
2008-01-28,0.64
2008-01-29,0.65
2008-01-30,0.62
2008-01-31,0.7
2008-02-01,0.56
2008-02-04,0.68
2008-02-05,0.94
2008-02-06,0.8
2008-02-07,0.88
2008-02-08,0.79
2008-02-11,0.68
2008-02-12,0.78
2008-02-13,0.75
2008-02-14,0.74
2008-02-15,0.78
2008-02-19,0.67
2008-02-20,0.7
2008-02-21,0.69
2008-02-22,0.84
2008-02-25,0.65
2008-02-26,0.8
2008-02-27,0.74
2008-02-28,0.96
2008-02-29,0.84
2008-03-03,0.79
2008-03-04,0.96
2008-03-05,0.68
2008-03-06,1.12
2008-03-07,0.92
2008-03-10,1.0
2008-03-11,0.89
2008-03-12,0.84
2008-03-13,0.82
2008-03-14,1.16
2008-03-17,1.34
2008-03-18,0.78
2008-03-19,0.9
2008-03-20,0.81
2008-03-24,0.63
2008-03-25,0.77
2008-03-26,0.77
2008-03-27,0.85
2008-03-28,0.86
2008-03-31,0.85
2008-04-01,0.81
2008-04-02,0.78
2008-04-03,0.82
2008-04-04,0.82
2008-04-07,0.74
2008-04-08,0.9
2008-04-09,0.9
2008-04-10,0.79
2008-04-11,0.9
2008-04-14,0.85
2008-04-15,0.94
2008-04-16,0.72
2008-04-17,0.75
2008-04-18,0.59
2008-04-21,0.6
2008-04-22,0.66
2008-04-23,0.7
2008-04-24,0.67
2008-04-25,0.73
2008-04-28,0.66
2008-04-29,0.83
2008-04-30,0.66
2008-05-01,0.58
2008-05-02,0.62
2008-05-05,0.66
2008-05-06,0.57
2008-05-07,0.66
2008-05-08,0.6
2008-05-09,0.7
2008-05-12,0.66
2008-05-13,0.6
2008-05-14,0.62
2008-05-15,0.59
2008-05-16,0.59
2008-05-19,0.56
2008-05-20,0.7
2008-05-21,0.79
2008-05-22,0.63
2008-05-23,0.72
2008-05-27,0.66
2008-05-28,0.62
2008-05-29,0.67
2008-05-30,0.59
2008-06-02,0.76
2008-06-03,0.8
2008-06-04,0.76
2008-06-05,0.64
2008-06-06,0.76
2008-06-09,0.78
2008-06-10,0.81
2008-06-11,0.85
2008-06-12,0.77
2008-06-13,0.76
2008-06-16,0.81
2008-06-17,0.75
2008-06-18,0.86
2008-06-19,0.76
2008-06-20,0.92
2008-06-23,0.65
2008-06-24,0.7
2008-06-25,0.71
2008-06-26,0.79
2008-06-27,0.81
2008-06-30,0.77
2008-07-01,0.8
2008-07-02,0.71
2008-07-03,0.85
2008-07-07,0.9
2008-07-08,0.74
2008-07-09,0.84
2008-07-10,0.93
2008-07-11,0.91
2008-07-14,0.93
2008-07-15,0.94
2008-07-16,0.78
2008-07-17,0.74
2008-07-18,0.72
2008-07-21,0.7
2008-07-22,0.77
2008-07-23,0.65
2008-07-24,0.82
2008-07-25,0.73
2008-07-28,0.8
2008-07-29,0.68
2008-07-30,0.72
2008-07-31,0.73
2008-08-01,0.86
2008-08-04,0.72
2008-08-05,0.63
2008-08-06,0.73
2008-08-07,0.83
2008-08-08,0.59
2008-08-11,0.68
2008-08-12,0.73
2008-08-13,0.72
2008-08-14,0.7
2008-08-15,0.65
2008-08-18,0.76
2008-08-19,0.88
2008-08-20,0.7
2008-08-21,0.65
2008-08-22,0.59
2008-08-25,0.71
2008-08-26,0.8
2008-08-27,0.69
2008-08-28,0.72
2008-08-29,0.71
2008-09-02,0.69
2008-09-03,0.68
2008-09-04,0.79
2008-09-05,0.78
2008-09-08,0.77
2008-09-09,1.0
2008-09-10,0.85
2008-09-11,0.83
2008-09-12,0.9
2008-09-15,1.18
2008-09-16,0.94
2008-09-17,0.98
2008-09-18,0.81
2008-09-19,0.51
2008-09-22,0.73
2008-09-23,0.76
2008-09-24,0.71
2008-09-25,0.63
2008-09-26,0.82
2008-09-29,0.79
2008-09-30,0.73
2008-10-01,0.79
2008-10-02,0.92
2008-10-03,0.73
2008-10-06,0.96
2008-10-07,0.95
2008-10-08,0.9
2008-10-09,1.06
2008-10-10,1.02
2008-10-13,0.69
2008-10-14,0.81
2008-10-15,0.91
2008-10-16,0.94
2008-10-17,0.82
2008-10-20,0.63
2008-10-21,0.77
2008-10-22,0.9
2008-10-23,0.92
2008-10-24,0.98
2008-10-27,0.82
2008-10-28,0.68
2008-10-29,0.59
2008-10-30,0.69
2008-10-31,0.75
2008-11-03,0.75
2008-11-04,0.71
2008-11-05,0.81
2008-11-06,1.02
2008-11-07,0.76
2008-11-10,0.93
2008-11-11,0.96
2008-11-12,0.98
2008-11-13,0.93
2008-11-14,0.83
2008-11-17,0.86
2008-11-18,0.94
2008-11-19,1.16
2008-11-20,1.05
2008-11-21,1.13
2008-11-24,0.57
2008-11-25,0.7
2008-11-26,0.64
2008-11-28,0.72
2008-12-01,0.89
2008-12-02,0.75
2008-12-03,0.74
2008-12-04,0.81
2008-12-05,0.62
2008-12-08,0.73
2008-12-09,0.74
2008-12-10,0.77
2008-12-11,0.84
2008-12-12,0.92
2008-12-15,0.88
2008-12-16,0.72
2008-12-17,0.64
2008-12-18,0.81
2008-12-19,0.69
2008-12-22,0.68
2008-12-23,0.48
2008-12-24,0.65
2008-12-26,0.65
2008-12-29,0.62
2008-12-30,0.62
2008-12-31,0.61
2009-01-02,0.66
2009-01-05,0.67
2009-01-06,0.73
2009-01-07,1.0
2009-01-08,0.89
2009-01-09,0.87
2009-01-12,0.99
2009-01-13,0.92
2009-01-14,0.98
2009-01-15,1.0
2009-01-16,0.82
2009-01-20,0.9
2009-01-21,0.8
2009-01-22,0.76
2009-01-23,0.68
2009-01-26,0.66
2009-01-27,0.68
2009-01-28,0.62
2009-01-29,0.89
2009-01-30,0.87
2009-02-02,0.75
2009-02-03,0.77
2009-02-04,0.78
2009-02-05,0.73
2009-02-06,0.59
2009-02-09,0.63
2009-02-10,0.76
2009-02-11,0.81
2009-02-12,0.89
2009-02-13,0.74
2009-02-17,0.95
2009-02-18,0.89
2009-02-19,0.95
2009-02-20,0.83
2009-02-23,0.8
2009-02-24,0.64
2009-02-25,0.65
2009-02-26,0.66
2009-02-27,0.69
2009-03-02,0.86
2009-03-03,0.79
2009-03-04,0.84
2009-03-05,0.9
2009-03-06,0.83
2009-03-09,0.61
2009-03-10,0.57
2009-03-11,0.66
2009-03-12,0.61
2009-03-13,0.61
2009-03-16,0.69
2009-03-17,0.66
2009-03-18,0.54
2009-03-19,0.57
2009-03-20,0.73
2009-03-23,0.52
2009-03-24,0.62
2009-03-25,0.64
2009-03-26,0.67
2009-03-27,0.74
2009-03-30,0.77
2009-03-31,0.66
2009-04-01,0.71
2009-04-02,0.59
2009-04-03,0.67
2009-04-06,0.68
2009-04-07,0.8
2009-04-08,0.66
2009-04-09,0.56
2009-04-13,0.51
2009-04-14,0.57
2009-04-15,0.61
2009-04-16,0.6
2009-04-17,0.55
2009-04-20,0.79
2009-04-21,0.67
2009-04-22,0.64
2009-04-23,0.73
2009-04-24,0.67
2009-04-27,0.65
2009-04-28,0.73
2009-04-29,0.63
2009-04-30,0.64
2009-05-01,0.61
2009-05-04,0.54
2009-05-05,0.59
2009-05-06,0.59
2009-05-07,0.67
2009-05-08,0.62
2009-05-11,0.63
2009-05-12,0.67
2009-05-13,0.67
2009-05-14,0.62
2009-05-15,0.63
2009-05-18,0.55
2009-05-19,0.62
2009-05-20,0.63
2009-05-21,0.8
2009-05-22,0.63
2009-05-26,0.54
2009-05-27,0.71
2009-05-28,0.61
2009-05-29,0.63
2009-06-01,0.56
2009-06-02,0.63
2009-06-03,0.76
2009-06-04,0.63
2009-06-05,0.6
2009-06-08,0.75
2009-06-09,0.66
2009-06-10,0.72
2009-06-11,0.55
2009-06-12,0.65
2009-06-15,0.6
2009-06-16,0.8
2009-06-17,0.89
2009-06-18,0.77
2009-06-19,0.65
2009-06-22,0.72
2009-06-23,0.77
2009-06-24,0.62
2009-06-25,0.75
2009-06-26,0.71
2009-06-29,0.72
2009-06-30,0.83
2009-07-01,0.73
2009-07-02,0.72
2009-07-06,0.73
2009-07-07,0.86
2009-07-08,0.86
2009-07-09,0.79
2009-07-10,0.77
2009-07-13,0.69
2009-07-14,0.77
2009-07-15,0.61
2009-07-16,0.61
2009-07-17,0.57
2009-07-20,0.6
2009-07-21,0.61
2009-07-22,0.68
2009-07-23,0.66
2009-07-24,0.78
2009-07-27,0.54
2009-07-28,0.64
2009-07-29,0.62
2009-07-30,0.51
2009-07-31,0.65
2009-08-03,0.62
2009-08-04,0.58
2009-08-05,0.52
2009-08-06,0.66
2009-08-07,0.49
2009-08-10,0.56
2009-08-11,0.64
2009-08-12,0.6
2009-08-13,0.51
2009-08-14,0.59
2009-08-17,0.71
2009-08-18,0.63
2009-08-19,0.62
2009-08-20,0.5
2009-08-21,0.39
2009-08-24,0.52
2009-08-25,0.59
2009-08-26,0.64
2009-08-27,0.59
2009-08-28,0.58
2009-08-31,0.63
2009-09-01,0.69
2009-09-02,0.69
2009-09-03,0.6
2009-09-04,0.59
2009-09-08,0.59
2009-09-09,0.54
2009-09-10,0.61
2009-09-11,0.61
2009-09-14,0.55
2009-09-15,0.56
2009-09-16,0.46
2009-09-17,0.53
2009-09-18,0.56
2009-09-21,0.64
2009-09-22,0.55
2009-09-23,0.6
2009-09-24,0.71
2009-09-25,0.58
2009-09-28,0.6
2009-09-29,0.61
2009-09-30,0.73
2009-10-01,0.73
2009-10-02,0.85
2009-10-05,0.56
2009-10-06,0.48
2009-10-07,0.51
2009-10-08,0.53
2009-10-09,0.55
2009-10-12,0.56
2009-10-13,0.56
2009-10-14,0.47
2009-10-15,0.46
2009-10-16,0.54
2009-10-19,0.61
2009-10-20,0.67
2009-10-21,0.55
2009-10-22,0.6
2009-10-23,0.64
2009-10-26,0.65
2009-10-27,0.62
2009-10-28,0.69
2009-10-29,0.53
2009-10-30,0.8
2009-11-02,0.79
2009-11-03,0.69
2009-11-04,0.57
2009-11-05,0.64
2009-11-06,0.64
2009-11-09,0.53
2009-11-10,0.57
2009-11-11,0.51
2009-11-12,0.58
2009-11-13,0.62
2009-11-16,0.56
2009-11-17,0.66
2009-11-18,0.59
2009-11-19,0.73
2009-11-20,0.66
2009-11-23,0.55
2009-11-24,0.64
2009-11-25,0.61
2009-11-27,0.77
2009-11-30,0.77
2009-12-01,0.56
2009-12-02,0.55
2009-12-03,0.61
2009-12-04,0.66
2009-12-07,0.65
2009-12-08,0.63
2009-12-09,0.56
2009-12-10,0.6
2009-12-11,0.6
2009-12-14,0.61
2009-12-15,0.58
2009-12-16,0.65
2009-12-17,0.67
2009-12-18,0.67
2009-12-21,0.5
2009-12-22,0.65
2009-12-23,0.59
2009-12-24,0.49
2009-12-28,0.53
2009-12-29,0.59
2009-12-30,0.59
2009-12-31,0.59
2010-01-04,0.48
2010-01-05,0.55
2010-01-06,0.5
2010-01-07,0.48
2010-01-08,0.46
2010-01-11,0.46
2010-01-12,0.58
2010-01-13,0.55
2010-01-14,0.53
2010-01-15,0.58
2010-01-19,0.56
2010-01-20,0.66
2010-01-21,0.7
2010-01-22,0.75
2010-01-25,0.64
2010-01-26,0.65
2010-01-27,0.67
2010-01-28,0.65
2010-01-29,0.73
2010-02-01,0.58
2010-02-02,0.58
2010-02-03,0.64
2010-02-04,0.78
2010-02-05,0.78
2010-02-08,0.7
2010-02-09,0.71
2010-02-10,0.63
2010-02-11,0.73
2010-02-12,0.61
2010-02-16,0.63
2010-02-17,0.61
2010-02-18,0.67
2010-02-19,0.66
2010-02-22,0.6
2010-02-23,0.78
2010-02-24,0.67
2010-02-25,0.81
2010-02-26,0.68
2010-03-01,0.58
2010-03-02,0.6
2010-03-03,0.65
2010-03-04,0.66
2010-03-05,0.52
2010-03-08,0.51
2010-03-09,0.46
2010-03-10,0.52
2010-03-11,0.53
2010-03-12,0.51
2010-03-15,0.56
2010-03-16,0.52
2010-03-17,0.49
2010-03-18,0.53
2010-03-19,0.6
2010-03-22,0.53
2010-03-23,0.58
2010-03-24,0.64
2010-03-25,0.49
2010-03-26,0.65
2010-03-29,0.64
2010-03-30,0.53
2010-03-31,0.51
2010-04-01,0.51
2010-04-05,0.43
2010-04-06,0.44
2010-04-07,0.57
2010-04-08,0.46
2010-04-09,0.48
2010-04-12,0.4
2010-04-13,0.48
2010-04-14,0.32
2010-04-15,0.36
2010-04-16,0.52
2010-04-19,0.5
2010-04-20,0.51
2010-04-21,0.52
2010-04-22,0.51
2010-04-23,0.48
2010-04-26,0.42
2010-04-27,0.57
2010-04-28,0.53
2010-04-29,0.49
2010-04-30,0.61
2010-05-03,0.53
2010-05-04,0.68
2010-05-05,0.7
2010-05-06,0.72
2010-05-07,0.8
2010-05-10,0.62
2010-05-11,0.69
2010-05-12,0.51
2010-05-13,0.56
2010-05-14,0.73
2010-05-17,0.7
2010-05-18,0.64
2010-05-19,0.82
2010-05-20,0.91
2010-05-21,0.87
2010-05-24,0.62
2010-05-25,0.66
2010-05-26,0.53
2010-05-27,0.5
2010-05-28,0.58
2010-06-01,0.61
2010-06-02,0.63
2010-06-03,0.59
2010-06-04,0.6
2010-06-07,0.6
2010-06-08,0.7
2010-06-09,0.74
2010-06-10,0.66
2010-06-11,0.7
2010-06-14,0.7
2010-06-15,0.56
2010-06-16,0.66
2010-06-17,0.71
2010-06-18,0.62
2010-06-21,0.54
2010-06-22,0.63
2010-06-23,0.71
2010-06-24,0.82
2010-06-25,0.63
2010-06-28,0.66
2010-06-29,0.8
2010-06-30,0.62
2010-07-01,0.75
2010-07-02,0.6
2010-07-06,0.61
2010-07-07,0.52
2010-07-08,0.56
2010-07-09,0.58
2010-07-12,0.61
2010-07-13,0.49
2010-07-14,0.56
2010-07-15,0.61
2010-07-16,0.74
2010-07-19,0.51
2010-07-20,0.51
2010-07-21,0.63
2010-07-22,0.52
2010-07-23,0.55
2010-07-26,0.53
2010-07-27,0.52
2010-07-28,0.7
2010-07-29,0.65
2010-07-30,0.61
2010-08-02,0.56
2010-08-03,0.6
2010-08-04,0.56
2010-08-05,0.61
2010-08-06,0.58
2010-08-09,0.56
2010-08-10,0.63
2010-08-11,0.75
2010-08-12,0.61
2010-08-13,0.66
2010-08-16,0.7
2010-08-17,0.62
2010-08-18,0.67
2010-08-19,0.71
2010-08-20,0.73
2010-08-23,0.4
2010-08-24,0.73
2010-08-25,0.61
2010-08-26,0.62
2010-08-27,0.56
2010-08-30,0.58
2010-08-31,0.74
2010-09-01,0.48
2010-09-02,0.55
2010-09-03,0.56
2010-09-07,0.61
2010-09-08,0.54
2010-09-09,0.6
2010-09-10,0.66
2010-09-13,0.52
2010-09-14,0.59
2010-09-15,0.56
2010-09-16,0.58
2010-09-17,0.59
2010-09-20,0.48
2010-09-21,0.6
2010-09-22,0.73
2010-09-23,0.63
2010-09-24,0.53
2010-09-27,0.57
2010-09-28,0.59
2010-09-29,0.54
2010-09-30,0.52
2010-10-01,0.54
2010-10-04,0.59
2010-10-05,0.54
2010-10-06,0.58
2010-10-07,0.66
2010-10-08,0.55
2010-10-11,0.57
2010-10-12,0.51
2010-10-13,0.45
2010-10-14,0.57
2010-10-15,0.56
2010-10-18,0.56
2010-10-19,0.74
2010-10-20,0.66
2010-10-21,0.72
2010-10-22,0.68
2010-10-25,0.63
2010-10-26,0.6
2010-10-27,0.62
2010-10-28,0.6
2010-10-29,0.54
2010-11-01,0.63
2010-11-02,0.54
2010-11-03,0.52
2010-11-04,0.44
2010-11-05,0.41
2010-11-08,0.5
2010-11-09,0.56
2010-11-10,0.47
2010-11-11,0.55
2010-11-12,0.63
2010-11-15,0.55
2010-11-16,0.66
2010-11-17,0.56
2010-11-18,0.53
2010-11-19,0.56
2010-11-22,0.56
2010-11-23,0.7
2010-11-24,0.53
2010-11-26,0.64
2010-11-29,0.7
2010-11-30,0.57
2010-12-01,0.45
2010-12-02,0.45
2010-12-03,0.5
2010-12-06,0.49
2010-12-07,0.45
2010-12-08,0.47
2010-12-09,0.43
2010-12-10,0.42
2010-12-13,0.35
2010-12-14,0.5
2010-12-15,0.51
2010-12-16,0.5
2010-12-17,0.49
2010-12-20,0.58
2010-12-21,0.5
2010-12-22,0.47
2010-12-23,0.52
2010-12-27,0.53
2010-12-28,0.55
2010-12-29,0.52
2010-12-30,0.51
2010-12-31,0.7
2011-01-03,0.4
2011-01-04,0.43
2011-01-05,0.48
2011-01-06,0.46
2011-01-07,0.5
2011-01-10,0.54
2011-01-11,0.53
2011-01-12,0.45
2011-01-13,0.5
2011-01-14,0.37
2011-01-18,0.44
2011-01-19,0.47
2011-01-20,0.67
2011-01-21,0.55
2011-01-24,0.51
2011-01-25,0.63
2011-01-26,0.58
2011-01-27,0.56
2011-01-28,0.65
2011-01-31,0.61
2011-02-01,0.49
2011-02-02,0.45
2011-02-03,0.58
2011-02-04,0.64
2011-02-07,0.46
2011-02-08,0.52
2011-02-09,0.52
2011-02-10,0.55
2011-02-11,0.51
2011-02-14,0.51
2011-02-15,0.53
2011-02-16,0.58
2011-02-17,0.5
2011-02-18,0.61
2011-02-22,0.68
2011-02-23,0.72
2011-02-24,0.71
2011-02-25,0.49
2011-02-28,0.53
2011-03-01,0.64
2011-03-02,0.55
2011-03-03,0.55
2011-03-04,0.57
2011-03-07,0.64
2011-03-08,0.54
2011-03-09,0.6
2011-03-10,0.73
2011-03-11,0.62
2011-03-14,0.67
2011-03-15,0.71
2011-03-16,0.79
2011-03-17,0.71
2011-03-18,0.67
2011-03-21,0.49
2011-03-22,0.55
2011-03-23,0.59
2011-03-24,0.55
2011-03-25,0.53
2011-03-28,0.56
2011-03-29,0.52
2011-03-30,0.54
2011-03-31,0.56
2011-04-01,0.51
2011-04-04,0.59
2011-04-05,0.56
2011-04-06,0.55
2011-04-07,0.53
2011-04-08,0.58
2011-04-11,0.62
2011-04-12,0.58
2011-04-13,0.65
2011-04-14,0.69
2011-04-15,0.63
2011-04-18,0.6
2011-04-19,0.64
2011-04-20,0.51
2011-04-21,0.62
2011-04-25,0.57
2011-04-26,0.57
2011-04-27,0.59
2011-04-28,0.54
2011-04-29,0.59
2011-05-02,0.5
2011-05-03,0.61
2011-05-04,0.72
2011-05-05,0.65
2011-05-06,0.62
2011-05-09,0.63
2011-05-10,0.58
2011-05-11,0.67
2011-05-12,0.67
2011-05-13,0.73
2011-05-16,0.61
2011-05-17,0.75
2011-05-18,0.68
2011-05-19,0.7
2011-05-20,0.75
2011-05-23,0.69
2011-05-24,0.61
2011-05-25,0.51
2011-05-26,0.6
2011-05-27,0.51
2011-05-31,0.54
2011-06-01,0.76
2011-06-02,0.71
2011-06-03,0.71
2011-06-06,0.8
2011-06-07,0.74
2011-06-08,0.95
2011-06-09,0.77
2011-06-10,1.01
2011-06-13,0.73
2011-06-14,0.65
2011-06-15,1.09
2011-06-16,1.03
2011-06-17,1.09
2011-06-20,0.57
2011-06-21,0.59
2011-06-22,0.53
2011-06-23,0.65
2011-06-24,0.7
2011-06-27,0.62
2011-06-28,0.59
2011-06-29,0.56
2011-06-30,0.54
2011-07-01,0.55
2011-07-05,0.64
2011-07-06,0.71
2011-07-07,0.56
2011-07-08,0.58
2011-07-11,0.74
2011-07-12,0.67
2011-07-13,0.67
2011-07-14,0.78
2011-07-15,0.64
2011-07-18,0.68
2011-07-19,0.51
2011-07-20,0.61
2011-07-21,0.56
2011-07-22,0.6
2011-07-25,0.6
2011-07-26,0.58
2011-07-27,0.66
2011-07-28,0.68
2011-07-29,0.77
2011-08-01,0.76
2011-08-02,0.68
2011-08-03,0.77
2011-08-04,0.96
2011-08-05,0.94
2011-08-08,1.07
2011-08-09,0.85
2011-08-10,0.81
2011-08-11,0.62
2011-08-12,0.75
2011-08-15,0.68
2011-08-16,0.74
2011-08-17,0.8
2011-08-18,0.96
2011-08-19,1.03
2011-08-22,0.73
2011-08-23,0.67
2011-08-24,0.66
2011-08-25,0.77
2011-08-26,0.73
2011-08-29,0.54
2011-08-30,0.72
2011-08-31,0.65
2011-09-01,0.69
2011-09-02,0.84
2011-09-06,0.75
2011-09-07,0.62
2011-09-08,0.71
2011-09-09,0.86
2011-09-12,0.72
2011-09-13,0.71
2011-09-14,0.64
2011-09-15,0.68
2011-09-16,0.67
2011-09-19,0.62
2011-09-20,0.63
2011-09-21,0.79
2011-09-22,0.85
2011-09-23,0.65
2011-09-26,0.59
2011-09-27,0.61
2011-09-28,0.82
2011-09-29,0.8
2011-09-30,0.81
2011-10-03,0.85
2011-10-04,0.77
2011-10-05,0.69
2011-10-06,0.67
2011-10-07,0.71
2011-10-10,0.63
2011-10-11,0.77
2011-10-12,0.64
2011-10-13,0.71
2011-10-14,0.6
2011-10-17,0.71
2011-10-18,0.62
2011-10-19,0.71
2011-10-20,0.74
2011-10-21,0.5
2011-10-24,0.52
2011-10-25,0.79
2011-10-26,0.7
2011-10-27,0.5
2011-10-28,0.55
2011-10-31,0.77
2011-11-01,0.89
2011-11-02,0.68
2011-11-03,0.63
2011-11-04,0.79
2011-11-07,0.65
2011-11-08,0.65
2011-11-09,0.91
2011-11-10,0.75
2011-11-11,0.64
2011-11-14,0.77
2011-11-15,0.71
2011-11-16,0.74
2011-11-17,0.82
2011-11-18,0.9
2011-11-21,0.66
2011-11-22,0.67
2011-11-23,0.71
2011-11-25,0.75
2011-11-28,0.65
2011-11-29,0.61
2011-11-30,0.55
2011-12-01,0.63
2011-12-02,0.58
2011-12-05,0.67
2011-12-06,0.73
2011-12-07,0.73
2011-12-08,0.76
2011-12-09,0.7
2011-12-12,0.6
2011-12-13,0.78
2011-12-14,0.82
2011-12-15,0.9
2011-12-16,0.89
2011-12-19,0.61
2011-12-20,0.53
2011-12-21,0.72
2011-12-22,0.68
2011-12-23,0.63
2011-12-27,0.71
2011-12-28,0.68
2011-12-29,0.69
2011-12-30,0.54
2012-01-03,0.55
2012-01-04,0.74
2012-01-05,0.61
2012-01-06,0.62
2012-01-09,0.66
2012-01-10,0.57
2012-01-11,0.54
2012-01-12,0.57
2012-01-13,0.6
2012-01-17,0.59
2012-01-18,0.55
2012-01-19,0.48
2012-01-20,0.52
2012-01-23,0.64
2012-01-24,0.62
2012-01-25,0.57
2012-01-26,0.65
2012-01-27,0.6
2012-01-30,0.67
2012-01-31,0.61
2012-02-01,0.61
2012-02-02,0.62
2012-02-03,0.51
2012-02-06,0.55
2012-02-07,0.58
2012-02-08,0.54
2012-02-09,0.55
2012-02-10,0.75
2012-02-13,0.53
2012-02-14,0.6
2012-02-15,0.63
2012-02-16,0.62
2012-02-17,0.51
2012-02-21,0.61
2012-02-22,0.63
2012-02-23,0.67
2012-02-24,0.69
2012-02-27,0.64
2012-02-28,0.57
2012-02-29,0.67
2012-03-01,0.64
2012-03-02,0.6
2012-03-05,0.73
2012-03-06,0.78
2012-03-07,0.62
2012-03-08,0.61
2012-03-09,0.63
2012-03-12,0.7
2012-03-13,0.59
2012-03-14,0.54
2012-03-15,0.52
2012-03-16,0.46
2012-03-19,0.5
2012-03-20,0.52
2012-03-21,0.55
2012-03-22,0.68
2012-03-23,0.61
2012-03-26,0.72
2012-03-27,0.55
2012-03-28,0.71
2012-03-29,0.67
2012-03-30,0.59
2012-04-02,0.52
2012-04-03,0.57
2012-04-04,0.66
2012-04-05,0.6
2012-04-09,0.69
2012-04-10,0.67
2012-04-11,0.65
2012-04-12,0.51
2012-04-13,0.72
2012-04-16,0.7
2012-04-17,0.57
2012-04-18,0.59
2012-04-19,0.65
2012-04-20,0.63
2012-04-23,0.59
2012-04-24,0.66
2012-04-25,0.48
2012-04-26,0.62
2012-04-27,0.6
2012-04-30,0.64
2012-05-01,0.53
2012-05-02,0.74
2012-05-03,0.75
2012-05-04,0.71
2012-05-07,0.65
2012-05-08,0.74
2012-05-09,0.67
2012-05-10,0.68
2012-05-11,0.74
2012-05-14,0.84
2012-05-15,0.81
2012-05-16,0.88
2012-05-17,0.88
2012-05-18,0.99
2012-05-21,0.54
2012-05-22,0.63
2012-05-23,0.73
2012-05-24,0.74
2012-05-25,0.66
2012-05-29,0.66
2012-05-30,0.77
2012-05-31,0.79
2012-06-01,0.79
2012-06-04,0.78
2012-06-05,0.69
2012-06-06,0.66
2012-06-07,0.64
2012-06-08,0.78
2012-06-11,0.81
2012-06-12,0.72
2012-06-13,0.92
2012-06-14,0.83
2012-06-15,0.69
2012-06-18,0.57
2012-06-19,0.59
2012-06-20,0.65
2012-06-21,0.8
2012-06-22,0.61
2012-06-25,0.78
2012-06-26,0.73
2012-06-27,0.65
2012-06-28,0.75
2012-06-29,0.69
2012-07-02,0.72
2012-07-03,0.65
2012-07-05,0.64
2012-07-06,0.75
2012-07-09,0.78
2012-07-10,0.72
2012-07-11,0.81
2012-07-12,0.7
2012-07-13,0.64
2012-07-16,0.67
2012-07-17,0.67
2012-07-18,0.66
2012-07-19,0.68
2012-07-20,0.75
2012-07-23,0.7
2012-07-24,0.66
2012-07-25,0.71
2012-07-26,0.71
2012-07-27,0.64
2012-07-30,0.66
2012-07-31,0.68
2012-08-01,0.72
2012-08-02,0.78
2012-08-03,0.6
2012-08-06,0.63
2012-08-07,0.55
2012-08-08,0.58
2012-08-09,0.62
2012-08-10,0.7
2012-08-13,0.56
2012-08-14,0.66
2012-08-15,0.62
2012-08-16,0.69
2012-08-17,0.54
2012-08-20,0.62
2012-08-21,0.67
2012-08-22,0.65
2012-08-23,0.74
2012-08-24,0.68
2012-08-27,0.69
2012-08-28,0.61
2012-08-29,0.79
2012-08-30,0.84
2012-08-31,0.67
2012-09-04,0.75
2012-09-05,0.67
2012-09-06,0.59
2012-09-07,0.54
2012-09-10,0.66
2012-09-11,0.54
2012-09-12,0.57
2012-09-13,0.54
2012-09-14,0.53
2012-09-17,0.64
2012-09-18,0.62
2012-09-19,0.56
2012-09-20,0.75
2012-09-21,0.62
2012-09-24,0.61
2012-09-25,0.73
2012-09-26,0.75
2012-09-27,0.6
2012-09-28,0.76
2012-10-01,0.63
2012-10-02,0.55
2012-10-03,0.71
2012-10-04,0.58
2012-10-05,0.67
2012-10-08,0.55
2012-10-09,0.73
2012-10-10,0.71
2012-10-11,0.65
2012-10-12,0.74
2012-10-15,0.73
2012-10-16,0.61
2012-10-17,0.59
2012-10-18,0.65
2012-10-19,0.8
2012-10-22,0.67
2012-10-23,0.86
2012-10-24,0.71
2012-10-25,0.76
2012-10-26,0.77
2012-10-31,0.68
2012-11-01,0.6
2012-11-02,0.77
2012-11-05,0.61
2012-11-06,0.63
2012-11-07,0.76
2012-11-08,0.8
2012-11-09,0.82
2012-11-12,0.65
2012-11-13,0.72
2012-11-14,0.78
2012-11-15,0.83
2012-11-16,0.81
2012-11-19,0.56
2012-11-20,0.67
2012-11-21,0.61
2012-11-23,0.59
2012-11-26,0.64
2012-11-27,0.58
2012-11-28,0.6
2012-11-29,0.62
2012-11-30,0.73
2012-12-03,0.57
2012-12-04,0.81
2012-12-05,0.6
2012-12-06,0.67
2012-12-07,0.64
2012-12-10,0.62
2012-12-11,0.59
2012-12-12,0.61
2012-12-13,0.61
2012-12-14,0.7
2012-12-17,0.6
2012-12-18,0.51
2012-12-19,0.64
2012-12-20,0.64
2012-12-21,0.71
2012-12-24,0.65
2012-12-26,0.74
2012-12-27,0.68
2012-12-28,0.64
2012-12-31,0.62
2013-01-02,0.55
2013-01-03,0.53
2013-01-04,0.64
2013-01-07,0.68
2013-01-08,0.78
2013-01-09,0.61
2013-01-10,0.66
2013-01-11,0.63
2013-01-14,0.52
2013-01-15,0.67
2013-01-16,0.75
2013-01-17,0.61
2013-01-18,0.54
2013-01-22,0.68
2013-01-23,0.69
2013-01-24,0.65
2013-01-25,0.64
2013-01-28,0.76
2013-01-29,0.68
2013-01-30,0.67
2013-01-31,0.73
2013-02-01,0.57
2013-02-04,0.69
2013-02-05,0.59
2013-02-06,0.6
2013-02-07,0.66
2013-02-08,0.57
2013-02-11,0.56
2013-02-12,0.61
2013-02-13,0.65
2013-02-14,0.62
2013-02-15,0.59
2013-02-19,0.58
2013-02-20,0.72
2013-02-21,0.72
2013-02-22,0.59
2013-02-25,0.73
2013-02-26,0.75
2013-02-27,0.63
2013-02-28,0.67
2013-03-01,0.74
2013-03-04,0.67
2013-03-05,0.65
2013-03-06,0.54
2013-03-07,0.59
2013-03-08,0.62
2013-03-11,0.65
2013-03-12,0.61
2013-03-13,0.62
2013-03-14,0.64
2013-03-15,0.56
2013-03-18,0.65
2013-03-19,0.72
2013-03-20,0.59
2013-03-21,0.64
2013-03-22,0.69
2013-03-25,0.72
2013-03-26,0.62
2013-03-27,0.68
2013-03-28,0.62
2013-04-01,0.7
2013-04-02,0.64
2013-04-03,0.76
2013-04-04,0.73
2013-04-05,0.7
2013-04-08,0.58
2013-04-09,0.6
2013-04-10,0.58
2013-04-11,0.62
2013-04-12,0.7
2013-04-15,0.7
2013-04-16,0.7
2013-04-17,0.79
2013-04-18,0.75
2013-04-19,0.85
2013-04-22,0.66
2013-04-23,0.66
2013-04-24,0.58
2013-04-25,0.61
2013-04-26,0.65
2013-04-29,0.58
2013-04-30,0.62
2013-05-01,0.68
2013-05-02,0.55
2013-05-03,0.61
2013-05-06,0.53
2013-05-07,0.63
2013-05-08,0.66
2013-05-09,0.58
2013-05-10,0.59
2013-05-13,0.6
2013-05-14,0.52
2013-05-15,0.52
2013-05-16,0.54
2013-05-17,0.5
2013-05-20,0.52
2013-05-21,0.54
2013-05-22,0.67
2013-05-23,0.67
2013-05-24,0.73
2013-05-28,0.58
2013-05-29,0.64
2013-05-30,0.48
2013-05-31,0.66
2013-06-03,0.63
2013-06-04,0.67
2013-06-05,0.73
2013-06-06,0.63
2013-06-07,0.67
2013-06-10,0.59
2013-06-11,0.81
2013-06-12,0.75
2013-06-13,0.63
2013-06-14,0.73
2013-06-17,0.65
2013-06-18,0.54
2013-06-19,0.66
2013-06-20,0.79
2013-06-21,0.82
2013-06-24,0.65
2013-06-25,0.59
2013-06-26,0.67
2013-06-27,0.71
2013-06-28,0.66
2013-07-01,0.6
2013-07-02,0.65
2013-07-03,0.76
2013-07-05,0.6
2013-07-08,0.69
2013-07-09,0.54
2013-07-10,0.57
2013-07-11,0.57
2013-07-12,0.67
2013-07-15,0.53
2013-07-16,0.64
2013-07-17,0.62
2013-07-18,0.5
2013-07-19,0.54
2013-07-22,0.67
2013-07-23,0.66
2013-07-24,0.65
2013-07-25,0.59
2013-07-26,0.64
2013-07-29,0.6
2013-07-30,0.56
2013-07-31,0.6
2013-08-01,0.55
2013-08-02,0.58
2013-08-05,0.59
2013-08-06,0.63
2013-08-07,0.63
2013-08-08,0.58
2013-08-09,0.58
2013-08-12,0.55
2013-08-13,0.49
2013-08-14,0.53
2013-08-15,0.66
2013-08-16,0.6
2013-08-19,0.54
2013-08-20,0.61
2013-08-21,0.64
2013-08-22,0.55
2013-08-23,0.6
2013-08-26,0.61
2013-08-27,0.68
2013-08-28,0.55
2013-08-29,0.6
2013-08-30,0.67
2013-09-03,0.54
2013-09-04,0.54
2013-09-05,0.52
2013-09-06,0.5
2013-09-09,0.45
2013-09-10,0.48
2013-09-11,0.61
2013-09-12,0.63
2013-09-13,0.6
2013-09-16,0.57
2013-09-17,0.57
2013-09-18,0.53
2013-09-19,0.57
2013-09-20,0.6
2013-09-23,0.7
2013-09-24,0.56
2013-09-25,0.62
2013-09-26,0.49
2013-09-27,0.7
2013-09-30,0.76
2013-10-01,0.53
2013-10-02,0.61
2013-10-03,0.69
2013-10-04,0.59
2013-10-07,0.6
2013-10-08,0.72
2013-10-09,0.69
2013-10-10,0.63
2013-10-11,0.6
2013-10-14,0.59
2013-10-15,0.66
2013-10-16,0.54
2013-10-17,0.54
2013-10-18,0.46
2013-10-21,0.53
2013-10-22,0.54
2013-10-23,0.58
2013-10-24,0.6
2013-10-25,0.64
2013-10-28,0.53
2013-10-29,0.52
2013-10-30,0.6
2013-10-31,0.57
2013-11-01,0.61
2013-11-04,0.54
2013-11-05,0.57
2013-11-06,0.58
2013-11-07,0.57
2013-11-08,0.51
2013-11-11,0.52
2013-11-12,0.55
2013-11-13,0.56
2013-11-14,0.59
2013-11-15,0.55
2013-11-18,0.58
2013-11-19,0.69
2013-11-20,0.63
2013-11-21,0.48
2013-11-22,0.6
2013-11-25,0.54
2013-11-26,0.54
2013-11-27,0.6
2013-11-29,0.48
2013-12-02,0.51
2013-12-03,0.61
2013-12-04,0.56
2013-12-05,0.52
2013-12-06,0.53
2013-12-09,0.62
2013-12-10,0.58
2013-12-11,0.62
2013-12-12,0.53
2013-12-13,0.67
2013-12-16,0.5
2013-12-17,0.53
2013-12-18,0.62
2013-12-19,0.52
2013-12-20,0.5
2013-12-23,0.49
2013-12-24,0.46
2013-12-26,0.59
2013-12-27,0.54
2013-12-30,0.49
2013-12-31,0.46
2014-01-02,0.56
2014-01-03,0.54
2014-01-06,0.52
2014-01-07,0.47
2014-01-08,0.5
2014-01-09,0.55
2014-01-10,0.53
2014-01-13,0.61
2014-01-14,0.52
2014-01-15,0.48
2014-01-16,0.57
2014-01-17,0.53
2014-01-21,0.57
2014-01-22,0.52
2014-01-23,0.65
2014-01-24,0.69
2014-01-27,0.53
2014-01-28,0.53
2014-01-29,0.62
2014-01-30,0.54
2014-01-31,0.66
2014-02-03,0.61
2014-02-04,0.6
2014-02-05,0.62
2014-02-06,0.61
2014-02-07,0.68
2014-02-10,0.71
2014-02-11,0.55
2014-02-12,0.64
2014-02-13,0.57
2014-02-14,0.57
2014-02-18,0.61
2014-02-19,0.55
2014-02-20,0.58
2014-02-21,0.55
2014-02-24,0.55
2014-02-25,0.57
2014-02-26,0.57
2014-02-27,0.58
2014-02-28,0.63
2014-03-03,0.62
2014-03-04,0.48
2014-03-05,0.46
2014-03-06,0.53
2014-03-07,0.55
2014-03-10,0.67
2014-03-11,0.58
2014-03-12,0.71
2014-03-13,0.69
2014-03-14,0.69
2014-03-17,0.57
2014-03-18,0.55
2014-03-19,0.53
2014-03-20,0.55
2014-03-21,0.62
2014-03-24,0.66
2014-03-25,0.53
2014-03-26,0.64
2014-03-27,0.57
2014-03-28,0.64
2014-03-31,0.57
2014-04-01,0.47
2014-04-02,0.51
2014-04-03,0.59
2014-04-04,0.65
2014-04-07,0.62
2014-04-08,0.56
2014-04-09,0.45
2014-04-10,0.7
2014-04-11,0.75
2014-04-14,0.61
2014-04-15,0.59
2014-04-16,0.53
2014-04-17,0.57
2014-04-21,0.47
2014-04-22,0.48
2014-04-23,0.69
2014-04-24,0.61
2014-04-25,0.71
2014-04-28,0.69
2014-04-29,0.61
2014-04-30,0.54
2014-05-01,0.56
2014-05-02,0.65
2014-05-05,0.65
2014-05-06,0.68
2014-05-07,0.67
2014-05-08,0.66
2014-05-09,0.72
2014-05-12,0.53
2014-05-13,0.61
2014-05-14,0.72
2014-05-15,0.69
2014-05-16,0.68
2014-05-19,0.54
2014-05-20,0.66
2014-05-21,0.68
2014-05-22,0.71
2014-05-23,0.58
2014-05-27,0.53
2014-05-28,0.56
2014-05-29,0.52
2014-05-30,0.56
2014-06-02,0.62
2014-06-03,0.58
2014-06-04,0.43
2014-06-05,0.5
2014-06-06,0.47
2014-06-09,0.48
2014-06-10,0.52
2014-06-11,0.5
2014-06-12,0.51
2014-06-13,0.56
2014-06-16,0.48
2014-06-17,0.49
2014-06-18,0.38
2014-06-19,0.47
2014-06-20,0.52
2014-06-23,0.54
2014-06-24,0.52
2014-06-25,0.49
2014-06-26,0.58
2014-06-27,0.52
2014-06-30,0.5
2014-07-01,0.51
2014-07-02,0.57
2014-07-03,0.49
2014-07-07,0.61
2014-07-08,0.63
2014-07-09,0.54
2014-07-10,0.67
2014-07-11,0.54
2014-07-14,0.58
2014-07-15,0.58
2014-07-16,0.5
2014-07-17,0.67
2014-07-18,0.56
2014-07-21,0.62
2014-07-22,0.59
2014-07-23,0.59
2014-07-24,0.58
2014-07-25,0.62
2014-07-28,0.59
2014-07-29,0.6
2014-07-30,0.57
2014-07-31,0.64
2014-08-01,1.04
2014-08-04,0.63
2014-08-05,0.74
2014-08-06,0.8
2014-08-07,0.65
2014-08-08,0.65
2014-08-11,0.57
2014-08-12,0.67
2014-08-13,0.65
2014-08-14,0.6
2014-08-15,0.63
2014-08-18,0.5
2014-08-19,0.58
2014-08-20,0.56
2014-08-21,0.51
2014-08-22,0.56
2014-08-25,0.64
2014-08-26,0.53
2014-08-27,0.62
2014-08-28,0.62
2014-08-29,0.56
2014-09-02,0.63
2014-09-03,0.65
2014-09-04,0.65
2014-09-05,0.62
2014-09-08,0.61
2014-09-09,0.59
2014-09-10,0.58
2014-09-11,0.64
2014-09-12,0.58
2014-09-15,0.61
2014-09-16,0.64
2014-09-17,0.58
2014-09-18,0.62
2014-09-19,0.55
2014-09-22,0.69
2014-09-23,0.66
2014-09-24,0.63
2014-09-25,0.77
2014-09-26,0.71
2014-09-29,0.7
2014-09-30,0.65
2014-10-01,0.78
2014-10-02,0.62
2014-10-03,0.54
2014-10-06,0.63
2014-10-07,0.63
2014-10-08,0.66
2014-10-09,0.75
2014-10-10,0.87
2014-10-13,0.91
2014-10-14,0.78
2014-10-15,0.76
2014-10-16,0.64
2014-10-17,0.71
2014-10-20,0.59
2014-10-21,0.6
2014-10-22,0.74
2014-10-23,0.61
2014-10-24,0.63
2014-10-27,0.66
2014-10-28,0.67
2014-10-29,0.72
2014-10-30,0.58
2014-10-31,0.5
2014-11-03,0.61
2014-11-04,0.67
2014-11-05,0.63
2014-11-06,0.69
2014-11-07,0.57
2014-11-10,0.67
2014-11-11,0.64
2014-11-12,0.61
2014-11-13,0.57
2014-11-14,0.53
2014-11-17,0.56
2014-11-18,0.47
2014-11-19,0.6
2014-11-20,0.55
2014-11-21,0.49
2014-11-24,0.54
2014-11-25,0.62
2014-11-26,0.63
2014-11-28,0.65
2014-12-01,0.62
2014-12-02,0.65
2014-12-03,0.65
2014-12-04,0.66
2014-12-05,0.5
2014-12-08,0.62
2014-12-09,0.78
2014-12-10,0.74
2014-12-11,0.72
2014-12-12,0.79
2014-12-15,0.75
2014-12-16,0.74
2014-12-17,0.71
2014-12-18,0.58
2014-12-19,0.59
2014-12-22,0.49
2014-12-23,0.52
2014-12-24,0.6
2014-12-26,0.55
2014-12-29,0.64
2014-12-30,0.66
2014-12-31,0.56
2015-01-02,0.8
2015-01-05,0.79
2015-01-06,0.59
2015-01-07,0.73
2015-01-08,0.54
2015-01-09,0.64
2015-01-12,0.68
2015-01-13,0.66
2015-01-14,0.75
2015-01-15,0.72
2015-01-16,0.68
2015-01-20,0.61
2015-01-21,0.6
2015-01-22,0.58
2015-01-23,0.7
2015-01-26,0.66
2015-01-27,0.76
2015-01-28,0.67
2015-01-29,0.79
2015-01-30,0.68
2015-02-02,0.76
2015-02-03,0.54
2015-02-04,0.59
2015-02-05,0.66
2015-02-06,0.69
2015-02-09,0.75
2015-02-10,0.66
2015-02-11,0.63
2015-02-12,0.55
2015-02-13,0.56
2015-02-17,0.58
2015-02-18,0.58
2015-02-19,0.55
2015-02-20,0.53
2015-02-23,0.62
2015-02-24,0.57
2015-02-25,0.64
2015-02-26,0.65
2015-02-27,0.64
2015-03-02,0.57
2015-03-03,0.66
2015-03-04,0.61
2015-03-05,0.64
2015-03-06,0.67
2015-03-09,0.65
2015-03-10,0.67
2015-03-11,0.67
2015-03-12,0.65
2015-03-13,0.8
2015-03-16,0.69
2015-03-17,0.74
2015-03-18,0.65
2015-03-19,0.59
2015-03-20,0.57
2015-03-23,0.56
2015-03-24,0.7
2015-03-25,0.69
2015-03-26,0.58
2015-03-27,0.79
2015-03-30,0.53
2015-03-31,0.65
2015-04-01,0.76
2015-04-02,0.81
2015-04-06,0.5
2015-04-07,0.59
2015-04-08,0.6
2015-04-09,0.6
2015-04-10,0.54
2015-04-13,0.59
2015-04-14,0.66
2015-04-15,0.59
2015-04-16,0.67
2015-04-17,0.74
2015-04-20,0.56
2015-04-21,0.64
2015-04-22,0.57
2015-04-23,0.66
2015-04-24,0.6
2015-04-27,0.65
2015-04-28,0.64
2015-04-29,0.69
2015-04-30,0.72
2015-05-01,0.61
2015-05-04,0.55
2015-05-05,0.74
2015-05-06,0.73
2015-05-07,0.69
2015-05-08,0.55
2015-05-11,0.61
2015-05-12,0.64
2015-05-13,0.56
2015-05-14,0.6
2015-05-15,0.56
2015-05-18,0.66
2015-05-19,0.59
2015-05-20,0.58
2015-05-21,0.71
2015-05-22,0.64
2015-05-26,0.74
2015-05-27,0.58
2015-05-28,0.71
2015-05-29,0.57
2015-06-01,0.66
2015-06-02,0.54
2015-06-03,0.51
2015-06-04,0.61
2015-06-05,0.61
2015-06-08,0.61
2015-06-09,0.63
2015-06-10,0.46
2015-06-11,0.59
2015-06-12,0.67
2015-06-15,0.66
2015-06-16,0.64
2015-06-17,0.55
2015-06-18,0.64
2015-06-19,0.63
2015-06-22,0.56
2015-06-23,0.61
2015-06-24,0.52
2015-06-25,0.65
2015-06-26,0.74
2015-06-29,0.94
2015-06-30,0.84
2015-07-01,0.62
2015-07-02,0.7
2015-07-06,0.65
2015-07-07,0.78
2015-07-08,0.87
2015-07-09,0.69
2015-07-10,0.67
2015-07-13,0.55
2015-07-14,0.63
2015-07-15,0.68
2015-07-16,0.71
2015-07-17,0.55
2015-07-20,0.56
2015-07-21,0.69
2015-07-22,0.61
2015-07-23,0.78
2015-07-24,0.86
2015-07-27,0.74
2015-07-28,0.62
2015-07-29,0.62
2015-07-30,0.5
2015-07-31,0.68
2015-08-03,0.73
2015-08-04,0.75
2015-08-05,0.77
2015-08-06,0.82
2015-08-07,0.83
2015-08-10,0.66
2015-08-11,0.79
2015-08-12,0.83
2015-08-13,0.74
2015-08-14,0.67
2015-08-17,0.69
2015-08-18,0.66
2015-08-19,0.81
2015-08-20,0.82
2015-08-21,1.04
2015-08-24,0.87
2015-08-25,0.7
2015-08-26,0.85
2015-08-27,0.76
2015-08-28,0.72
2015-08-31,0.66
2015-09-01,0.74
2015-09-02,0.73
2015-09-03,0.68
2015-09-04,0.89
2015-09-08,0.66
2015-09-09,0.71
2015-09-10,0.77
2015-09-11,0.81
2015-09-14,0.91
2015-09-15,0.87
2015-09-16,0.73
2015-09-17,0.74
2015-09-18,0.83
2015-09-21,0.55
2015-09-22,0.8
2015-09-23,0.69
2015-09-24,0.86
2015-09-25,0.74
2015-09-28,0.94
2015-09-29,0.95
2015-09-30,0.7
2015-10-01,0.73
2015-10-02,0.67
2015-10-05,0.62
2015-10-06,0.68
2015-10-07,0.83
2015-10-08,0.7
2015-10-09,0.64
2015-10-12,0.67
2015-10-13,0.8
2015-10-14,0.75
2015-10-15,0.87
2015-10-16,0.61
2015-10-19,0.67
2015-10-20,0.7
2015-10-21,0.83
2015-10-22,0.66
2015-10-23,0.63
2015-10-26,0.72
2015-10-27,0.74
2015-10-28,0.54
2015-10-29,0.56
2015-10-30,0.59
2015-11-02,0.58
2015-11-03,0.71
2015-11-04,0.73
2015-11-05,0.63
2015-11-06,0.66
2015-11-09,0.76
2015-11-10,0.8
2015-11-11,0.59
2015-11-12,0.83
2015-11-13,0.98
2015-11-16,0.71
2015-11-17,0.83
2015-11-18,0.72
2015-11-19,0.79
2015-11-20,0.67
2015-11-23,0.6
2015-11-24,0.67
2015-11-25,0.65
2015-11-27,0.76
2015-11-30,0.65
2015-12-01,0.61
2015-12-02,0.67
2015-12-03,0.9
2015-12-04,0.61
2015-12-07,0.83
2015-12-08,0.96
2015-12-09,0.66
2015-12-10,0.72
2015-12-11,0.92
2015-12-14,0.57
2015-12-15,0.66
2015-12-16,0.54
2015-12-17,0.77
2015-12-18,0.77
2015-12-21,0.64
2015-12-22,0.56
2015-12-23,0.56
2015-12-24,0.57
2015-12-28,1.21
2015-12-29,0.54
2015-12-30,0.59
2015-12-31,0.69
2016-01-04,0.8
2016-01-05,0.65
2016-01-06,0.7
2016-01-07,0.89
2016-01-08,0.93
2016-01-11,0.94
2016-01-12,0.86
2016-01-13,0.91
2016-01-14,0.82
2016-01-15,1.14
2016-01-19,0.62
2016-01-20,0.59
2016-01-21,0.69
2016-01-22,0.64
2016-01-25,0.69
2016-01-26,0.62
2016-01-27,0.71
2016-01-28,0.62
2016-01-29,0.58
2016-02-01,0.63
2016-02-02,0.76
2016-02-03,0.82
2016-02-04,0.75
2016-02-05,0.92
2016-02-08,0.93
2016-02-09,0.76
2016-02-10,0.78
2016-02-11,0.96
2016-02-12,0.71
2016-02-16,0.8
2016-02-17,0.68
2016-02-18,0.75
2016-02-19,0.87
2016-02-22,0.58
2016-02-23,0.71
2016-02-24,0.71
2016-02-25,0.62
2016-02-26,0.64
2016-02-29,0.6
2016-03-01,0.68
2016-03-02,0.64
2016-03-03,0.55
2016-03-04,0.59
2016-03-07,0.67
2016-03-08,0.9
2016-03-09,0.68
2016-03-10,0.74
2016-03-11,0.6
2016-03-14,0.69
2016-03-15,0.85
2016-03-16,0.71
2016-03-17,0.63
2016-03-18,0.55
2016-03-21,0.71
2016-03-22,0.88
2016-03-23,0.84
2016-03-24,0.82
2016-03-28,0.66
2016-03-29,0.61
2016-03-30,0.62
2016-03-31,0.68
2016-04-01,0.63
2016-04-04,0.65
2016-04-05,0.69
2016-04-06,0.61
2016-04-07,0.68
2016-04-08,0.75
2016-04-11,0.65
2016-04-12,0.72
2016-04-13,0.61
2016-04-14,0.68
2016-04-15,0.63
2016-04-18,0.69
2016-04-19,0.67
2016-04-20,0.68
2016-04-21,0.85
2016-04-22,0.61
2016-04-25,0.7
2016-04-26,0.53
2016-04-27,0.55
2016-04-28,0.77
2016-04-29,0.86
2016-05-02,0.74
2016-05-03,0.77
2016-05-04,0.8
2016-05-05,0.8
2016-05-06,0.92
2016-05-09,0.86
2016-05-10,0.91
2016-05-11,0.8
2016-05-12,0.8
2016-05-13,0.84
2016-05-16,0.6
2016-05-17,0.81
2016-05-18,0.75
2016-05-19,0.8
2016-05-20,0.78
2016-05-23,0.65
2016-05-24,0.6
2016-05-25,0.62
2016-05-26,0.55
2016-05-27,0.51
2016-05-31,0.58
2016-06-01,0.55
2016-06-02,0.69
2016-06-03,0.59
2016-06-06,0.59
2016-06-07,0.61
2016-06-08,0.59
2016-06-09,0.72
2016-06-10,0.81
2016-06-13,0.75
2016-06-14,0.79
2016-06-15,0.68
2016-06-16,0.77
2016-06-17,0.63
2016-06-20,0.6
2016-06-21,0.64
2016-06-22,0.77
2016-06-23,0.61
2016-06-24,1.01
2016-06-27,0.81
2016-06-28,0.59
2016-06-29,0.58
2016-06-30,0.65
2016-07-01,0.57
2016-07-05,0.73
2016-07-06,0.76
2016-07-07,0.6
2016-07-08,0.52
2016-07-11,0.58
2016-07-12,0.59
2016-07-13,0.56
2016-07-14,0.53
2016-07-15,0.52
2016-07-18,0.69
2016-07-19,0.67
2016-07-20,0.57
2016-07-21,0.61
2016-07-22,0.59
2016-07-25,0.71
2016-07-26,0.76
2016-07-27,0.66
2016-07-28,0.62
2016-07-29,0.62
2016-08-01,0.72
2016-08-02,0.72
2016-08-03,0.59
2016-08-04,0.65
2016-08-05,0.52
2016-08-08,0.58
2016-08-09,0.61
2016-08-10,0.62
2016-08-11,0.61
2016-08-12,0.55
2016-08-15,0.51
2016-08-16,0.7
2016-08-17,0.59
2016-08-18,0.54
2016-08-19,0.6
2016-08-22,0.63
2016-08-23,0.56
2016-08-24,0.68
2016-08-25,0.75
2016-08-26,0.73
2016-08-29,0.6
2016-08-30,0.63
2016-08-31,0.7
2016-09-01,0.7
2016-09-02,0.61
2016-09-06,0.5
2016-09-07,0.57
2016-09-08,0.61
2016-09-09,0.78
2016-09-12,0.64
2016-09-13,0.75
2016-09-14,0.55
2016-09-15,0.7
2016-09-16,0.65
2016-09-19,0.56
2016-09-20,0.66
2016-09-21,0.63
2016-09-22,0.57
2016-09-23,0.65
2016-09-26,0.73
2016-09-27,0.62
2016-09-28,0.65
2016-09-29,0.74
2016-09-30,0.61
2016-10-03,0.64
2016-10-04,0.51
2016-10-05,0.58
2016-10-06,0.71
2016-10-07,0.68
2016-10-10,0.61
2016-10-11,0.75
2016-10-12,0.64
2016-10-13,0.71
2016-10-14,0.68
2016-10-17,0.62
2016-10-18,0.69
2016-10-19,0.59
2016-10-20,0.53
2016-10-21,0.56
2016-10-24,0.59
2016-10-25,0.69
2016-10-26,0.73
2016-10-27,0.55
2016-10-28,0.78
2016-10-31,0.75
2016-11-01,0.86
2016-11-02,0.99
2016-11-03,0.74
2016-11-04,0.7
2016-11-07,0.68
2016-11-08,0.69
2016-11-09,0.61
2016-11-10,0.6
2016-11-11,0.53
2016-11-14,0.57
2016-11-15,0.51
2016-11-16,0.63
2016-11-17,0.65
2016-11-18,0.68
2016-11-21,0.57
2016-11-22,0.63
2016-11-23,0.6
2016-11-25,0.61
2016-11-28,0.57
2016-11-29,0.62
2016-11-30,0.54
2016-12-01,0.66
2016-12-02,0.67
2016-12-05,0.63
2016-12-06,0.58
2016-12-07,0.46
2016-12-08,0.5
2016-12-09,0.53
2016-12-12,0.57
2016-12-13,0.54
2016-12-14,0.58
2016-12-15,0.59
2016-12-16,0.62
2016-12-19,0.71
2016-12-20,0.63
2016-12-21,0.77
2016-12-22,0.67
2016-12-23,0.66
2016-12-27,0.62
2016-12-28,0.61
2016-12-29,0.62
2016-12-30,0.76
2017-01-03,0.69
2017-01-04,0.64
2017-01-05,0.69
2017-01-06,0.68
2017-01-09,0.62
2017-01-10,0.64
2017-01-11,0.63
2017-01-12,0.68
2017-01-13,0.63
2017-01-17,0.65
2017-01-18,0.67
2017-01-19,0.56
2017-01-20,0.7
2017-01-23,0.72
2017-01-24,0.65
2017-01-25,0.61
2017-01-26,0.65
2017-01-27,0.73
2017-01-30,0.82
2017-01-31,0.7
2017-02-01,0.71
2017-02-02,0.64
2017-02-03,0.68
2017-02-06,0.75
2017-02-07,0.7
2017-02-08,0.69
2017-02-09,0.58
2017-02-10,0.7
2017-02-13,0.61
2017-02-14,0.53
2017-02-15,0.58
2017-02-16,0.54
2017-02-17,0.59
2017-02-21,0.61
2017-02-22,0.6
2017-02-23,0.62
2017-02-24,0.72
2017-02-27,0.63
2017-02-28,0.7
2017-03-01,0.53
2017-03-02,0.56
2017-03-03,0.7
2017-03-06,0.67
2017-03-07,0.54
2017-03-08,0.62
2017-03-09,0.72
2017-03-10,0.57
2017-03-13,0.7
2017-03-14,0.73
2017-03-15,0.61
2017-03-16,0.57
2017-03-17,0.61
2017-03-20,0.64
2017-03-21,0.79
2017-03-22,0.73
2017-03-23,0.67
2017-03-24,0.69
2017-03-27,0.58
2017-03-28,0.6
2017-03-29,0.54
2017-03-30,0.58
2017-03-31,0.56
2017-04-03,0.67
2017-04-04,0.62
2017-04-05,0.61
2017-04-06,0.66
2017-04-07,0.67
2017-04-10,0.62
2017-04-11,0.79
2017-04-12,0.69
2017-04-13,0.96
2017-04-17,0.63
2017-04-18,0.62
2017-04-19,0.7
2017-04-20,0.68
2017-04-21,0.67
2017-04-24,0.61
2017-04-25,0.61
2017-04-26,0.63
2017-04-27,0.72
2017-04-28,0.68
2017-05-01,0.62
2017-05-02,0.61
2017-05-03,0.69
2017-05-04,0.77
2017-05-05,0.64
2017-05-08,0.6
2017-05-09,0.63
2017-05-10,0.62
2017-05-11,0.65
2017-05-12,0.57
2017-05-15,0.55
2017-05-16,0.54
2017-05-17,0.73
2017-05-18,0.7
2017-05-19,0.62
2017-05-22,0.54
2017-05-23,0.6
2017-05-24,0.62
2017-05-25,0.59
2017-05-26,0.64
2017-05-30,0.68
2017-05-31,0.63
2017-06-01,0.66
2017-06-02,0.6
2017-06-05,0.51
2017-06-06,0.59
2017-06-07,0.58
2017-06-08,0.55
2017-06-09,0.72
2017-06-12,0.68
2017-06-13,0.64
2017-06-14,0.67
2017-06-15,0.8
2017-06-16,0.67
2017-06-19,0.58
2017-06-20,0.72
2017-06-21,0.59
2017-06-22,0.5
2017-06-23,0.58
2017-06-26,0.64
2017-06-27,0.6
2017-06-28,0.68
2017-06-29,0.69
2017-06-30,0.67
2017-07-03,0.55
2017-07-05,0.61
2017-07-06,0.65
2017-07-07,0.66
2017-07-10,0.64
2017-07-11,0.69
2017-07-12,0.6
2017-07-13,0.62
2017-07-14,0.53
2017-07-17,0.63
2017-07-18,0.62
2017-07-19,0.56
2017-07-20,0.53
2017-07-21,0.56
2017-07-24,0.68
2017-07-25,0.61
2017-07-26,0.65
2017-07-27,0.71
2017-07-28,0.63
2017-07-31,0.62
2017-08-01,0.64
2017-08-02,0.75
2017-08-03,0.71
2017-08-04,0.66
2017-08-07,0.77
2017-08-08,0.67
2017-08-09,0.83
2017-08-10,0.88
2017-08-11,0.94
2017-08-14,0.59
2017-08-15,0.68
2017-08-16,0.62
2017-08-17,0.78
2017-08-18,0.82
2017-08-21,0.57
2017-08-22,0.55
2017-08-23,0.58
2017-08-24,0.69
2017-08-25,0.69
2017-08-28,0.55
2017-08-29,0.61
2017-08-30,0.57
2017-08-31,0.57
2017-09-01,0.56
2017-09-05,0.67
2017-09-06,0.56
2017-09-07,0.55
2017-09-08,0.73
2017-09-11,0.65
2017-09-12,0.58
2017-09-13,0.55
2017-09-14,0.56
2017-09-15,0.63
2017-09-18,0.61
2017-09-19,0.67
2017-09-20,0.61
2017-09-21,0.66
2017-09-22,0.77
2017-09-25,0.64
2017-09-26,0.69
2017-09-27,0.61
2017-09-28,0.52
2017-09-29,0.59
2017-10-02,0.61
2017-10-03,0.66
2017-10-04,0.58
2017-10-05,0.69
2017-10-06,0.7
2017-10-09,0.73
2017-10-10,0.54
2017-10-11,0.62
2017-10-12,0.7
2017-10-13,0.65
2017-10-16,0.7
2017-10-17,0.66
2017-10-18,0.72
2017-10-19,0.7
2017-10-20,0.6
2017-10-23,0.65
2017-10-24,0.63
2017-10-25,0.71
2017-10-26,0.61
2017-10-27,0.55
2017-10-30,0.69
2017-10-31,0.57
2017-11-01,0.71
2017-11-02,0.63
2017-11-03,0.6
2017-11-06,0.61
2017-11-07,0.64
2017-11-08,0.68
2017-11-09,0.64
2017-11-10,0.66
2017-11-13,0.69
2017-11-14,0.62
2017-11-15,0.74
2017-11-16,0.64
2017-11-17,0.56
2017-11-20,0.59
2017-11-21,0.58
2017-11-22,0.57
2017-11-24,0.62
2017-11-27,0.61
2017-11-28,0.5
2017-11-29,0.52
2017-11-30,0.55
2017-12-01,0.63
2017-12-04,0.56
2017-12-05,0.57
2017-12-06,0.67
2017-12-07,0.58
2017-12-08,0.6
2017-12-11,0.63
2017-12-12,0.51
2017-12-13,0.57
2017-12-14,0.6
2017-12-15,0.57
2017-12-18,0.5
2017-12-19,0.53
2017-12-20,0.56
2017-12-21,0.56
2017-12-22,0.64
2017-12-26,0.58
2017-12-27,0.55
2017-12-28,0.57
2017-12-29,0.59
2018-01-02,0.47
2018-01-03,0.54
2018-01-04,0.5
2018-01-05,0.58
2018-01-08,0.63
2018-01-09,0.6
2018-01-10,0.65
2018-01-11,0.5
2018-01-12,0.5
2018-01-16,0.49
2018-01-17,0.48
2018-01-18,0.56
2018-01-19,0.56
2018-01-22,0.56
2018-01-23,0.52
2018-01-24,0.53
2018-01-25,0.56
2018-01-26,0.49
2018-01-29,0.57
2018-01-30,0.61
2018-01-31,0.59
2018-02-01,0.59
2018-02-02,0.77
2018-02-05,0.73
2018-02-06,0.75
2018-02-07,0.68
2018-02-08,0.75
2018-02-09,0.88
2018-02-12,0.67
2018-02-13,0.73
2018-02-14,0.59
2018-02-15,0.61
2018-02-16,0.52
2018-02-20,0.66
2018-02-21,0.58
2018-02-22,0.63
2018-02-23,0.62
2018-02-26,0.59
2018-02-27,0.63
2018-02-28,0.67
2018-03-01,0.72
2018-03-02,0.71
2018-03-05,0.55
2018-03-06,0.52
2018-03-07,0.58
2018-03-08,0.61
2018-03-09,0.53
2018-03-12,0.57
2018-03-13,0.57
2018-03-14,0.69
2018-03-15,0.63
2018-03-16,0.63
2018-03-19,0.67
2018-03-20,0.68
2018-03-21,0.62
2018-03-22,0.74
2018-03-23,0.76
2018-03-26,0.63
2018-03-27,0.71
2018-03-28,0.68
2018-03-29,0.63
2018-04-02,0.77
2018-04-03,0.65
2018-04-04,0.63
2018-04-05,0.61
2018-04-06,0.76
2018-04-09,0.61
2018-04-10,0.57
2018-04-11,0.65
2018-04-12,0.66
2018-04-13,0.66
2018-04-16,0.64
2018-04-17,0.68
2018-04-18,0.56
2018-04-19,0.64
2018-04-20,0.65
2018-04-23,0.61
2018-04-24,0.68
2018-04-25,0.7
2018-04-26,0.61
2018-04-27,0.64
2018-04-30,0.61
2018-05-01,0.68
2018-05-02,0.65
2018-05-03,0.76
2018-05-04,0.55
2018-05-07,0.54
2018-05-08,0.61
2018-05-09,0.58
2018-05-10,0.51
2018-05-11,0.6
2018-05-14,0.62
2018-05-15,0.62
2018-05-16,0.5
2018-05-17,0.57
2018-05-18,0.66
2018-05-21,0.54
2018-05-22,0.58
2018-05-23,0.65
2018-05-24,0.64
2018-05-25,0.61
2018-05-29,0.65
2018-05-30,0.56
2018-05-31,0.63
2018-06-01,0.56
2018-06-04,0.55
2018-06-05,0.48
2018-06-06,0.53
2018-06-07,0.56
2018-06-08,0.6
2018-06-11,0.54
2018-06-12,0.5
2018-06-13,0.54
2018-06-14,0.5
2018-06-15,0.61
2018-06-18,0.54
2018-06-19,0.59
2018-06-20,0.56
2018-06-21,0.56
2018-06-22,0.56
2018-06-25,0.61
2018-06-26,0.52
2018-06-27,0.67
2018-06-28,0.65
2018-06-29,0.69
2018-07-02,0.58
2018-07-03,0.67
2018-07-05,0.6
2018-07-06,0.57
2018-07-09,0.53
2018-07-10,0.74
2018-07-11,0.59
2018-07-12,0.56
2018-07-13,0.62
2018-07-16,0.7
2018-07-17,0.65
2018-07-18,0.56
2018-07-19,0.62
2018-07-20,0.66
2018-07-23,0.55
2018-07-24,0.63
2018-07-25,0.61
2018-07-26,0.63
2018-07-27,0.67
2018-07-30,0.72
2018-07-31,0.69
2018-08-01,0.67
2018-08-02,0.58
2018-08-03,0.56
2018-08-06,0.62
2018-08-07,0.64
2018-08-08,0.62
2018-08-09,0.62
2018-08-10,0.7
2018-08-13,0.64
2018-08-14,0.66
2018-08-15,0.66
2018-08-16,0.6
2018-08-17,0.7
2018-08-20,0.55
2018-08-21,0.58
2018-08-22,0.6
2018-08-23,0.61
2018-08-24,0.57
2018-08-27,0.53
2018-08-28,0.53
2018-08-29,0.55
2018-08-30,0.58
2018-08-31,0.63
2018-09-04,0.59
2018-09-05,0.62
2018-09-06,0.74
2018-09-07,0.69
2018-09-10,0.62
2018-09-11,0.61
2018-09-12,0.55
2018-09-13,0.5
2018-09-14,0.58
2018-09-17,0.64
2018-09-18,0.55
2018-09-19,0.57
2018-09-20,0.56
2018-09-21,0.57
2018-09-24,0.63
2018-09-25,0.52
2018-09-26,0.59
2018-09-27,0.61
2018-09-28,0.64
2018-10-01,0.57
2018-10-02,0.54
2018-10-03,0.56
2018-10-04,0.72
2018-10-05,0.84
2018-10-08,0.66
2018-10-09,0.62
2018-10-10,0.74
2018-10-11,0.68
2018-10-12,0.67
2018-10-15,0.61
2018-10-16,0.63
2018-10-17,0.68
2018-10-18,0.73
2018-10-19,0.82
2018-10-22,0.57
2018-10-23,0.61
2018-10-24,0.71
2018-10-25,0.66
2018-10-26,0.8
2018-10-29,0.74
2018-10-30,0.69
2018-10-31,0.65
2018-11-01,0.51
2018-11-02,0.68
2018-11-05,0.61
2018-11-06,0.67
2018-11-07,0.59
2018-11-08,0.64
2018-11-09,0.8
2018-11-12,0.73
2018-11-13,0.7
2018-11-14,0.81
2018-11-15,0.73
2018-11-16,0.74
2018-11-19,0.72
2018-11-20,0.82
2018-11-21,0.73
2018-11-23,0.85
2018-11-26,0.64
2018-11-27,0.7
2018-11-28,0.62
2018-11-29,0.57
2018-11-30,0.53
2018-12-03,0.57
2018-12-04,0.69
2018-12-06,0.85
2018-12-07,0.77
2018-12-10,0.7
2018-12-11,0.65
2018-12-12,0.62
2018-12-13,0.75
2018-12-14,0.79
2018-12-17,0.97
2018-12-18,0.69
2018-12-19,0.85
2018-12-20,0.91
2018-12-21,1.13
2018-12-24,0.79
2018-12-26,0.62
2018-12-27,0.73
2018-12-28,0.44
2018-12-31,0.6
2019-01-02,0.67
2019-01-03,0.73
2019-01-04,0.59
2019-01-07,0.6
2019-01-08,0.63
2019-01-09,0.59
2019-01-10,0.65
2019-01-11,0.77
2019-01-14,0.65
2019-01-15,0.7
2019-01-16,0.6
2019-01-17,0.52
2019-01-18,0.54
2019-01-22,0.64
2019-01-23,0.64
2019-01-24,0.72
2019-01-25,0.51
2019-01-28,0.76
2019-01-29,0.68
2019-01-30,0.63
2019-01-31,0.53
2019-02-01,0.6
2019-02-04,0.6
2019-02-05,0.56
2019-02-06,0.64
2019-02-07,0.7
2019-02-08,0.61
2019-02-11,0.6
2019-02-12,0.57
2019-02-13,0.57
2019-02-14,0.6
2019-02-15,0.52
2019-02-19,0.61
2019-02-20,0.54
2019-02-21,0.66
2019-02-22,0.63
2019-02-25,0.55
2019-02-26,0.6
2019-02-27,0.54
2019-02-28,0.63
2019-03-01,0.6
2019-03-04,0.67
2019-03-05,0.67
2019-03-06,0.7
2019-03-07,0.76
2019-03-08,0.75
2019-03-11,0.57
2019-03-12,0.66
2019-03-13,0.52
2019-03-14,0.65
2019-03-15,0.57
2019-03-18,0.52
2019-03-19,0.58
2019-03-20,0.58
2019-03-21,0.51
2019-03-22,0.68
2019-03-25,0.62
2019-03-26,0.65
2019-03-27,0.69
2019-03-28,0.71
2019-03-29,0.65
2019-04-01,0.61
2019-04-02,0.57
2019-04-03,0.52
2019-04-04,0.59
2019-04-05,0.59
2019-04-08,0.68
2019-04-09,0.58
2019-04-10,0.62
2019-04-11,0.67
2019-04-12,0.54
2019-04-15,0.57
2019-04-16,0.58
2019-04-17,0.55
2019-04-18,0.62
2019-04-22,0.6
2019-04-23,0.59
2019-04-24,0.6
2019-04-25,0.57
2019-04-26,0.63
2019-04-29,0.61
2019-04-30,0.65
2019-05-01,0.63
2019-05-02,0.64
2019-05-03,0.52
2019-05-06,0.63
2019-05-07,0.68
2019-05-08,0.66
2019-05-09,0.7
2019-05-10,0.8
2019-05-13,0.79
2019-05-14,0.7
2019-05-15,0.77
2019-05-16,0.66
2019-05-17,0.81
2019-05-20,0.65
2019-05-21,0.57
2019-05-22,0.72
2019-05-23,0.8
2019-05-24,0.76
2019-05-28,0.68
2019-05-29,0.63
2019-05-30,0.64
2019-05-31,0.83
2019-06-03,0.67
2019-06-04,0.67
2019-06-05,0.64
2019-06-06,0.66
2019-06-07,0.51
2019-06-10,0.57
2019-06-11,0.65
2019-06-12,0.77
2019-06-13,0.63
2019-06-14,0.63
2019-06-17,0.72
2019-06-18,0.55
2019-06-19,0.61
2019-06-20,0.52
2019-06-21,0.53
2019-06-24,0.59
2019-06-25,0.63
2019-06-26,0.67
2019-06-27,0.58
2019-06-28,0.55
2019-07-01,0.65
2019-07-02,0.66
2019-07-03,0.64
2019-07-05,0.61
2019-07-08,0.63
2019-07-09,0.58
2019-07-10,0.51
2019-07-11,0.61
2019-07-12,0.55
2019-07-15,0.59
2019-07-16,0.62
2019-07-17,0.67
2019-07-18,0.6
2019-07-19,0.6
2019-07-22,0.71
2019-07-23,0.61
2019-07-24,0.66
2019-07-25,0.68
2019-07-26,0.6
2019-07-29,0.71
2019-07-30,0.73
2019-07-31,0.62
2019-08-01,0.75
2019-08-02,0.87
2019-08-05,0.84
2019-08-06,0.78
2019-08-07,0.78
2019-08-08,0.62
2019-08-09,0.68
2019-08-12,0.78
2019-08-13,0.66
2019-08-14,0.84
2019-08-15,0.98
2019-08-16,0.67
2019-08-19,0.55
2019-08-20,0.69
2019-08-21,0.6
2019-08-22,0.74
2019-08-23,0.88
2019-08-26,0.58
2019-08-27,0.64
2019-08-28,0.64
2019-08-29,0.66
2019-08-30,0.68
2019-09-03,0.73
2019-09-04,0.68
2019-09-05,0.53
2019-09-06,0.56
2019-09-09,0.59
2019-09-10,0.65
2019-09-11,0.54
2019-09-12,0.55
2019-09-13,0.62
2019-09-16,0.68
2019-09-17,0.56
2019-09-18,0.7
2019-09-19,0.67
2019-09-20,0.65
2019-09-23,0.65
2019-09-24,0.7
2019-09-25,0.67
2019-09-26,0.74
2019-09-27,0.72
2019-09-30,0.67
2019-10-01,0.73
2019-10-02,0.84
2019-10-03,0.77
2019-10-04,0.65
